['ClinVarReal', 'CleanLab', 0.7, 'Real', 300, 0]	F									
['ClinVarReal', 'CleanLab', 0.7, 'Real', 500, 0]	F									
['ClinVarReal', 'CleanLab', 0.7, 'Real', 1000, 0]	F									
['ClinVarReal', 'CleanLab', 0.7, 'Real', 3000, 0]	F									
['ClinVarReal', 'CleanLab', 0.05, 'Real', 300, 0]	F									
['ClinVarReal', 'CleanLab', 0.05, 'Real', 100, 0]	F									
['ClinVarReal', 'CleanLab', 0.1, 'Real', 1000, 0]	F									
['ClinVarReal', 'CleanLab', 0.1, 'Real', 3000, 0]	F									
['ClinVarReal', 'CleanLab', 0.2, 'Real', 100, 0]	F									
['ClinVarReal', 'CleanLab', 0.2, 'Real', 300, 0]	F									
['ClinVarReal', 'CleanLab', 0.2, 'Real', 500, 0]	F									
['ClinVarReal', 'CleanLab', 0.2, 'Real', 1000, 0]	F									
['ClinVarReal', 'CleanLab', 0.2, 'Real', 3000, 0]	F									
['ClinVarReal', 'CleanLab', 0.3, 'Real', 100, 0]	F									
['ClinVarReal', 'CleanLab', 0.3, 'Real', 500, 0]	F									
['ClinVarReal', 'CleanLab', 0.3, 'Real', 3000, 0]	F									
['ClinVarReal', 'CleanLab', 0.4, 'Real', 300, 0]	F									
['ClinVarReal', 'CleanLab', 0.4, 'Real', 100, 0]	F									
['ClinVarReal', 'CleanLab', 0.4, 'Real', 1000, 0]	F									
['ClinVarReal', 'CleanLab', 0.4, 'Real', 500, 0]	F									
['ClinVarReal', 'CleanLab', 0.4, 'Real', 3000, 0]	F									
['ClinVarReal', 'CleanLab', 0.5, 'Real', 100, 0]	F									
['ClinVarReal', 'CleanLab', 0.5, 'Real', 300, 0]	F									
['ClinVarReal', 'CleanLab', 0.5, 'Real', 1000, 0]	F									
['ClinVarReal', 'CleanLab', 0.5, 'Real', 500, 0]	F									
['ClinVarReal', 'CleanLab', 0.05, 'Real', 500, 0]	F									
['ClinVarReal', 'CleanLab', 0.05, 'Real', 1000, 0]	F									
['ClinVarReal', 'CleanLab', 0.05, 'Real', 3000, 0]	F									
['ClinVarReal', 'CleanLab', 0.1, 'Real', 100, 0]	F									
['ClinVarReal', 'CleanLab', 0.1, 'Real', 300, 0]	F									
['ClinVarReal', 'CleanLab', 0.1, 'Real', 500, 0]	F									
['ClinVarReal', 'CleanLab', 0.3, 'Real', 300, 0]	F									
['ClinVarReal', 'CleanLab', 0.6, 'Real', 100, 0]	F									
['ClinVarReal', 'CleanLab', 0.5, 'Real', 3000, 0]	F									
['ClinVarReal', 'CleanLab', 0.6, 'Real', 300, 0]	F									
['ClinVarReal', 'CleanLab', 0.3, 'Real', 1000, 0]	F									
['ClinVarReal', 'CleanLab', 0.6, 'Real', 500, 0]	F									
['ClinVarReal', 'CleanLab', 0.6, 'Real', 1000, 0]	F									
['ClinVarReal', 'CleanLab', 0.6, 'Real', 3000, 0]	F									
['ClinVarReal', 'CleanLab', 0.7, 'Real', 100, 0]	F									
['ClinVarReal', 'CleanLab', 0.1, 'Real', 5000, 0]	F									
['ClinVarReal', 'CleanLab', 0.1, 'Real', 10000, 0]	F									
['ClinVarReal', 'CleanLab', 0.2, 'Real', 5000, 0]	F									
['ClinVarReal', 'CleanLab', 0.3, 'Real', 10000, 0]	F									
['ClinVarReal', 'CleanLab', 0.7, 'Real', 5000, 0]	F									
['ClinVarReal', 'CleanLab', 0.5, 'Real', 10000, 0]	F									
['ClinVarReal', 'CleanLab', 0.2, 'Real', 10000, 0]	F									
['ClinVarReal', 'CleanLab', 0.4, 'Real', 5000, 0]	F									
['ClinVarReal', 'CleanLab', 0.6, 'Real', 5000, 0]	F									
['ClinVarReal', 'CleanLab', 0.6, 'Real', 10000, 0]	F									
['ClinVarReal', 'CleanLab', 0.05, 'Real', 10000, 0]	F									
['ClinVarReal', 'CleanLab', 0.7, 'Real', 10000, 0]	F									
['ClinVarReal', 'CleanLab', 0.5, 'Real', 5000, 0]	F									
['ClinVarReal', 'CleanLab', 0.4, 'Real', 10000, 0]	F									
['ClinVarReal', 'CleanLab', 0.3, 'Real', 5000, 0]	F									
['ClinVarReal', 'CleanLab', 0.05, 'Real', 5000, 0]	F									
['ClinVarReal', 'CleanLab', 0.1, 'Real', 10000, 0]	S	255	2204	6796	745	25.2014	0.1037	0.255	0.1474	
['ClinVarReal', 'CleanLab', 0.3, 'Real', 5000, 0]	S	369	846	2654	1131	19.4353	0.3037	0.246	0.2718	
['ClinVarReal', 'CleanLab', 0.05, 'Real', 5000, 0]	S	74	1178	3572	176	12.9737	0.0591	0.296	0.0985	
['ClinVarReal', 'CleanLab', 0.7, 'Real', 10000, 0]	S	1259	493	2507	5741	20.8236	0.7186	0.1799	0.2877	
['ClinVarReal', 'CleanLab', 0.05, 'Real', 10000, 0]	S	112	2349	7151	388	36.7802	0.0455	0.224	0.0757	
['ClinVarReal', 'CleanLab', 0.2, 'Real', 10000, 0]	S	529	2144	5856	1471	28.2774	0.1979	0.2645	0.2264	
['ClinVarReal', 'CleanLab', 0.4, 'Real', 5000, 0]	S	379	595	2405	1621	11.9933	0.3891	0.1895	0.2549	
['ClinVarReal', 'CleanLab', 0.4, 'Real', 10000, 0]	S	873	1323	4677	3127	32.6559	0.3975	0.2182	0.2818	
['ClinVarReal', 'CleanLab', 0.1, 'Real', 5000, 0]	S	127	1136	3364	373	11.2016	0.1006	0.254	0.1441	
['ClinVarReal', 'CleanLab', 0.5, 'Real', 5000, 0]	S	457	473	2027	2043	15.8888	0.4914	0.1828	0.2665	
['ClinVarReal', 'CleanLab', 0.5, 'Real', 10000, 0]	S	880	939	4061	4120	27.2124	0.4838	0.176	0.2581	
['ClinVarReal', 'CleanLab', 0.2, 'Real', 5000, 0]	S	242	1059	2941	758	10.4451	0.186	0.242	0.2103	
['ClinVarReal', 'CleanLab', 0.6, 'Real', 5000, 0]	S	488	333	1667	2512	10.5245	0.5944	0.1627	0.2554	
['ClinVarReal', 'CleanLab', 0.6, 'Real', 10000, 0]	S	973	685	3315	5027	27.2562	0.5869	0.1622	0.2541	
['ClinVarReal', 'CleanLab', 0.4, 'Real', 300, 0]	S	38	42	138	82	2.6527	0.475	0.3167	0.38	
['ClinVarReal', 'CleanLab', 0.4, 'Real', 100, 0]	S	19	27	33	21	1.2429	0.413	0.475	0.4419	
['ClinVarReal', 'CleanLab', 0.3, 'Real', 3000, 0]	S	206	560	1540	694	6.8255	0.2689	0.2289	0.2473	
['ClinVarReal', 'CleanLab', 0.3, 'Real', 1000, 0]	S	81	191	509	219	2.9779	0.2978	0.27	0.2832	
['ClinVarReal', 'CleanLab', 0.3, 'Real', 500, 0]	S	39	97	253	111	2.1206	0.2868	0.26	0.2727	
['ClinVarReal', 'CleanLab', 0.3, 'Real', 300, 0]	S	29	58	152	61	1.6816	0.3333	0.3222	0.3277	
['ClinVarReal', 'CleanLab', 0.3, 'Real', 100, 0]	S	11	26	44	19	2.1857	0.2973	0.3667	0.3284	
['ClinVarReal', 'CleanLab', 0.4, 'Real', 500, 0]	S	61	91	209	139	2.056	0.4013	0.305	0.3466	
['ClinVarReal', 'CleanLab', 0.2, 'Real', 1000, 0]	S	56	217	583	144	3.0209	0.2051	0.28	0.2368	
['ClinVarReal', 'CleanLab', 0.4, 'Real', 1000, 0]	S	105	155	445	295	3.0531	0.4038	0.2625	0.3182	
['ClinVarReal', 'CleanLab', 0.5, 'Real', 100, 0]	S	22	19	31	28	1.2733	0.5366	0.44	0.4835	
['ClinVarReal', 'CleanLab', 0.4, 'Real', 3000, 0]	S	288	385	1415	912	9.8985	0.4279	0.24	0.3075	
['ClinVarReal', 'CleanLab', 0.5, 'Real', 300, 0]	S	42	38	112	108	2.7813	0.525	0.28	0.3652	
['ClinVarReal', 'CleanLab', 0.5, 'Real', 500, 0]	S	56	57	193	194	2.0516	0.4956	0.224	0.3085	
['ClinVarReal', 'CleanLab', 0.2, 'Real', 100, 0]	S	8	34	46	12	2.1317	0.1905	0.4	0.2581	
['ClinVarReal', 'CleanLab', 0.5, 'Real', 1000, 0]	S	84	108	392	416	4.5184	0.4375	0.168	0.2428	
['ClinVarReal', 'CleanLab', 0.05, 'Real', 100, 0]	S	1	25	70	4	2.165	0.0385	0.2	0.0645	
['ClinVarReal', 'CleanLab', 0.1, 'Real', 100, 0]	S	3	28	62	7	1.2797	0.0968	0.3	0.1463	
['ClinVarReal', 'CleanLab', 0.05, 'Real', 1000, 0]	S	11	256	694	39	4.515	0.0412	0.22	0.0694	
['ClinVarReal', 'CleanLab', 0.05, 'Real', 3000, 0]	S	38	758	2092	112	6.9232	0.0477	0.2533	0.0803	
['ClinVarReal', 'CleanLab', 0.1, 'Real', 300, 0]	S	10	81	189	20	1.6612	0.1099	0.3333	0.1653	
['ClinVarReal', 'CleanLab', 0.5, 'Real', 3000, 0]	S	327	301	1199	1173	10.089	0.5207	0.218	0.3073	
['ClinVarReal', 'CleanLab', 0.6, 'Real', 300, 0]	S	51	36	84	129	1.6531	0.5862	0.2833	0.382	
['ClinVarReal', 'CleanLab', 0.6, 'Real', 3000, 0]	S	282	201	999	1518	6.7021	0.5839	0.1567	0.247	
['ClinVarReal', 'CleanLab', 0.7, 'Real', 300, 0]	S	47	25	65	163	1.6698	0.6528	0.2238	0.3333	
['ClinVarReal', 'CleanLab', 0.7, 'Real', 1000, 0]	S	127	59	241	573	4.4589	0.6828	0.1814	0.2867	
['ClinVarReal', 'CleanLab', 0.7, 'Real', 3000, 0]	S	335	147	753	1765	6.6596	0.695	0.1595	0.2595	
['ClinVarReal', 'CleanLab', 0.1, 'Real', 1000, 0]	S	26	252	648	74	4.7818	0.0935	0.26	0.1376	
['ClinVarReal', 'CleanLab', 0.1, 'Real', 500, 0]	S	12	150	300	38	2.0834	0.0741	0.24	0.1132	
['ClinVarReal', 'CleanLab', 0.05, 'Real', 500, 0]	S	6	123	352	19	2.0706	0.0465	0.24	0.0779	
['ClinVarReal', 'CleanLab', 0.05, 'Real', 300, 0]	S	6	91	194	9	1.7671	0.0619	0.4	0.1071	
['ClinVarReal', 'CleanLab', 0.6, 'Real', 100, 0]	S	18	10	30	42	1.2689	0.6429	0.3	0.4091	
['ClinVarReal', 'CleanLab', 0.7, 'Real', 500, 0]	S	80	42	108	270	2.1164	0.6557	0.2286	0.339	
['ClinVarReal', 'CleanLab', 0.6, 'Real', 1000, 0]	S	99	61	339	501	3.0845	0.6188	0.165	0.2605	
['ClinVarReal', 'CleanLab', 0.6, 'Real', 500, 0]	S	71	42	158	229	2.0489	0.6283	0.2367	0.3438	
['ClinVarReal', 'CleanLab', 0.7, 'Real', 100, 0]	S	28	11	19	42	2.1572	0.7179	0.4	0.5138	
['ClinVarReal', 'CleanLab', 0.1, 'Real', 3000, 0]	S	76	698	2002	224	6.7788	0.0982	0.2533	0.1415	
['ClinVarReal', 'CleanLab', 0.2, 'Real', 300, 0]	S	21	66	174	39	2.754	0.2414	0.35	0.2857	
['ClinVarReal', 'CleanLab', 0.2, 'Real', 500, 0]	S	33	112	288	67	2.0371	0.2276	0.33	0.2694	
['ClinVarReal', 'CleanLab', 0.2, 'Real', 3000, 0]	S	165	663	1737	435	6.897	0.1993	0.275	0.2311	
['ClinVarReal', 'CleanLab', 0.1, 'Real', 100, 0]	S	4	29	61	6	1.2715	0.1212	0.4	0.186	
['ClinVarReal', 'CleanLab', 0.6, 'Real', 100, 0]	S	20	16	24	40	2.1267	0.5556	0.3333	0.4167	
['ClinVarReal', 'CleanLab', 0.5, 'Real', 3000, 0]	S	295	276	1224	1205	9.9833	0.5166	0.1967	0.2849	
['ClinVarReal', 'CleanLab', 0.6, 'Real', 300, 0]	S	47	33	87	133	1.6288	0.5875	0.2611	0.3615	
['ClinVarReal', 'CleanLab', 0.6, 'Real', 3000, 0]	S	314	212	988	1486	6.8635	0.597	0.1744	0.27	
['ClinVarReal', 'CleanLab', 0.6, 'Real', 1000, 0]	S	116	94	306	484	3.0524	0.5524	0.1933	0.2864	
['ClinVarReal', 'CleanLab', 0.5, 'Real', 1000, 0]	S	101	98	402	399	4.4713	0.5075	0.202	0.289	
['ClinVarReal', 'CleanLab', 0.1, 'Real', 1000, 0]	S	31	232	668	69	4.5715	0.1179	0.31	0.1708	
['ClinVarReal', 'CleanLab', 0.2, 'Real', 100, 0]	S	7	37	43	13	1.3819	0.1591	0.35	0.2188	
['ClinVarReal', 'CleanLab', 0.2, 'Real', 300, 0]	S	21	64	176	39	1.6792	0.2471	0.35	0.2897	
['ClinVarReal', 'CleanLab', 0.2, 'Real', 500, 0]	S	26	111	289	74	3.2235	0.1898	0.26	0.2194	
['ClinVarReal', 'CleanLab', 0.2, 'Real', 1000, 0]	S	47	233	567	153	4.4041	0.1679	0.235	0.1958	
['ClinVarReal', 'CleanLab', 0.1, 'Real', 3000, 0]	S	74	634	2066	226	6.7509	0.1045	0.2467	0.1468	
['ClinVarReal', 'CleanLab', 0.7, 'Real', 300, 0]	S	53	21	69	157	1.6557	0.7162	0.2524	0.3732	
['ClinVarReal', 'CleanLab', 0.7, 'Real', 3000, 0]	S	366	142	758	1734	6.6806	0.7205	0.1743	0.2807	
['ClinVarReal', 'CleanLab', 0.7, 'Real', 1000, 0]	S	108	57	243	592	4.5033	0.6545	0.1543	0.2497	
['ClinVarReal', 'CleanLab', 0.3, 'Real', 100, 0]	S	16	30	40	14	1.2308	0.3478	0.5333	0.4211	
['ClinVarReal', 'CleanLab', 0.3, 'Real', 300, 0]	S	19	58	152	71	1.6728	0.2468	0.2111	0.2275	
['ClinVarReal', 'CleanLab', 0.3, 'Real', 500, 0]	S	47	111	239	103	2.0788	0.2975	0.3133	0.3052	
['ClinVarReal', 'CleanLab', 0.3, 'Real', 1000, 0]	S	69	205	495	231	3.0407	0.2518	0.23	0.2404	
['ClinVarReal', 'CleanLab', 0.3, 'Real', 3000, 0]	S	219	536	1564	681	6.7536	0.2901	0.2433	0.2647	
['ClinVarReal', 'CleanLab', 0.4, 'Real', 100, 0]	S	17	22	38	23	1.2394	0.4359	0.425	0.4304	
['ClinVarReal', 'CleanLab', 0.4, 'Real', 300, 0]	S	33	36	144	87	1.6781	0.4783	0.275	0.3492	
['ClinVarReal', 'CleanLab', 0.7, 'Real', 500, 0]	S	65	37	113	285	2.1036	0.6373	0.1857	0.2876	
['ClinVarReal', 'CleanLab', 0.2, 'Real', 3000, 0]	S	151	645	1755	449	6.9318	0.1897	0.2517	0.2163	
['ClinVarReal', 'CleanLab', 0.7, 'Real', 100, 0]	S	20	8	22	50	1.2705	0.7143	0.2857	0.4082	
['ClinVarReal', 'CleanLab', 0.6, 'Real', 500, 0]	S	67	44	156	233	2.0531	0.6036	0.2233	0.326	
['ClinVarReal', 'CleanLab', 0.05, 'Real', 100, 0]	S	2	37	58	3	1.3147	0.0513	0.4	0.0909	
['ClinVarReal', 'CleanLab', 0.4, 'Real', 500, 0]	S	57	83	217	143	2.0666	0.4071	0.285	0.3353	
['ClinVarReal', 'CleanLab', 0.4, 'Real', 1000, 0]	S	105	140	460	295	4.5378	0.4286	0.2625	0.3256	
['ClinVarReal', 'CleanLab', 0.4, 'Real', 3000, 0]	S	249	374	1426	951	6.762	0.3997	0.2075	0.2732	
['ClinVarReal', 'CleanLab', 0.5, 'Real', 100, 0]	S	25	27	23	25	2.1838	0.4808	0.5	0.4902	
['ClinVarReal', 'CleanLab', 0.5, 'Real', 300, 0]	S	35	36	114	115	1.6546	0.493	0.2333	0.3167	
['ClinVarReal', 'CleanLab', 0.1, 'Real', 300, 0]	S	12	76	194	18	1.656	0.1364	0.4	0.2034	
['ClinVarReal', 'CleanLab', 0.05, 'Real', 500, 0]	S	9	117	358	16	2.06	0.0714	0.36	0.1192	
['ClinVarReal', 'CleanLab', 0.05, 'Real', 1000, 0]	S	17	265	685	33	3.0585	0.0603	0.34	0.1024	
['ClinVarReal', 'CleanLab', 0.05, 'Real', 3000, 0]	S	35	675	2175	115	6.9135	0.0493	0.2333	0.0814	
['ClinVarReal', 'CleanLab', 0.05, 'Real', 300, 0]	S	5	81	204	10	1.6913	0.0581	0.3333	0.099	
['ClinVarReal', 'CleanLab', 0.1, 'Real', 500, 0]	S	15	120	330	35	2.0554	0.1111	0.3	0.1622	
['ClinVarReal', 'CleanLab', 0.5, 'Real', 500, 0]	S	60	56	194	190	3.2195	0.5172	0.24	0.3279	
['ClinVarReal', 'CleanLab', 0.6, 'Real', 3000, 0]	S	258	179	1021	1542	7.0782	0.5904	0.1433	0.2307	
['ClinVarReal', 'CleanLab', 0.6, 'Real', 3000, 1]	S	292	197	1003	1508	6.7849	0.5971	0.1622	0.2551	
['ClinVarReal', 'CleanLab', 0.3, 'Real', 100, 0]	S	12	30	40	18	1.2639	0.2857	0.4	0.3333	
['ClinVarReal', 'CleanLab', 0.3, 'Real', 100, 1]	S	13	25	45	17	1.2617	0.3421	0.4333	0.3824	
['ClinVarReal', 'CleanLab', 0.7, 'Real', 100, 0]	S	17	4	26	53	1.262	0.8095	0.2429	0.3736	
['ClinVarReal', 'CleanLab', 0.7, 'Real', 100, 1]	S	25	11	19	45	1.2449	0.6944	0.3571	0.4717	
['ClinVarReal', 'CleanLab', 0.3, 'Real', 1000, 0]	S	84	196	504	216	3.0762	0.3	0.28	0.2897	
['ClinVarReal', 'CleanLab', 0.3, 'Real', 1000, 1]	S	71	159	541	229	3.1082	0.3087	0.2367	0.2679	
['ClinVarReal', 'CleanLab', 0.4, 'Real', 100, 0]	S	16	16	44	24	1.258	0.5	0.4	0.4444	
['ClinVarReal', 'CleanLab', 0.4, 'Real', 100, 1]	S	17	29	31	23	1.278	0.3696	0.425	0.3953	
['ClinVarReal', 'CleanLab', 0.4, 'Real', 300, 0]	S	37	47	133	83	1.6968	0.4405	0.3083	0.3627	
['ClinVarReal', 'CleanLab', 0.4, 'Real', 300, 1]	S	35	37	143	85	1.6386	0.4861	0.2917	0.3646	
['ClinVarReal', 'CleanLab', 0.05, 'Real', 100, 0]	S	1	38	57	4	1.2652	0.0256	0.2	0.0455	
['ClinVarReal', 'CleanLab', 0.05, 'Real', 100, 1]	S	3	36	59	2	1.3482	0.0769	0.6	0.1364	
['ClinVarReal', 'CleanLab', 0.4, 'Real', 500, 0]	S	49	70	230	151	2.0644	0.4118	0.245	0.3072	
['ClinVarReal', 'CleanLab', 0.4, 'Real', 500, 1]	S	46	68	232	154	2.0501	0.4035	0.23	0.293	
['ClinVarReal', 'CleanLab', 0.4, 'Real', 3000, 0]	S	289	358	1442	911	6.8833	0.4467	0.2408	0.3129	
['ClinVarReal', 'CleanLab', 0.4, 'Real', 3000, 1]	S	256	372	1428	944	6.807	0.4076	0.2133	0.2801	
['ClinVarReal', 'CleanLab', 0.5, 'Real', 100, 0]	S	21	24	26	29	1.2067	0.4667	0.42	0.4421	
['ClinVarReal', 'CleanLab', 0.5, 'Real', 100, 1]	S	33	20	30	17	1.2297	0.6226	0.66	0.6408	
['ClinVarReal', 'CleanLab', 0.5, 'Real', 300, 0]	S	36	33	117	114	1.652	0.5217	0.24	0.3288	
['ClinVarReal', 'CleanLab', 0.5, 'Real', 300, 1]	S	40	47	103	110	1.7038	0.4598	0.2667	0.3376	
['ClinVarReal', 'CleanLab', 0.5, 'Real', 1000, 0]	S	114	106	394	386	2.978	0.5182	0.228	0.3167	
['ClinVarReal', 'CleanLab', 0.5, 'Real', 1000, 1]	S	88	100	400	412	2.9715	0.4681	0.176	0.2558	
['ClinVarReal', 'CleanLab', 0.5, 'Real', 500, 0]	S	70	68	182	180	2.0489	0.5072	0.28	0.3608	
['ClinVarReal', 'CleanLab', 0.5, 'Real', 500, 1]	S	63	49	201	187	2.0427	0.5625	0.252	0.3481	
['ClinVarReal', 'CleanLab', 0.05, 'Real', 300, 0]	S	7	83	202	8	1.6471	0.0778	0.4667	0.1333	
['ClinVarReal', 'CleanLab', 0.05, 'Real', 300, 1]	S	3	87	198	12	1.677	0.0333	0.2	0.0571	
['ClinVarReal', 'CleanLab', 0.05, 'Real', 500, 0]	S	4	131	344	21	2.1448	0.0296	0.16	0.05	
['ClinVarReal', 'CleanLab', 0.05, 'Real', 500, 1]	S	8	133	342	17	2.0952	0.0567	0.32	0.0964	
['ClinVarReal', 'CleanLab', 0.05, 'Real', 1000, 0]	S	16	266	684	34	4.483	0.0567	0.32	0.0964	
['ClinVarReal', 'CleanLab', 0.05, 'Real', 1000, 1]	S	17	214	736	33	4.4398	0.0736	0.34	0.121	
['ClinVarReal', 'CleanLab', 0.1, 'Real', 100, 0]	S	3	30	60	7	2.1267	0.0909	0.3	0.1395	
['ClinVarReal', 'CleanLab', 0.1, 'Real', 100, 1]	S	6	38	52	4	2.1306	0.1364	0.6	0.2222	
['ClinVarReal', 'CleanLab', 0.05, 'Real', 3000, 0]	S	32	726	2124	118	7.9687	0.0422	0.2133	0.0705	
['ClinVarReal', 'CleanLab', 0.05, 'Real', 3000, 1]	S	39	720	2130	111	7.5887	0.0514	0.26	0.0858	
['ClinVarReal', 'CleanLab', 0.1, 'Real', 300, 0]	S	4	89	181	26	1.6543	0.043	0.1333	0.065	
['ClinVarReal', 'CleanLab', 0.1, 'Real', 300, 1]	S	9	74	196	21	1.6639	0.1084	0.3	0.1593	
['ClinVarReal', 'CleanLab', 0.1, 'Real', 500, 0]	S	11	124	326	39	2.0756	0.0815	0.22	0.1189	
['ClinVarReal', 'CleanLab', 0.1, 'Real', 500, 1]	S	12	125	325	38	2.1018	0.0876	0.24	0.1283	
['ClinVarReal', 'CleanLab', 0.4, 'Real', 1000, 0]	S	92	133	467	308	3.0335	0.4089	0.23	0.2944	
['ClinVarReal', 'CleanLab', 0.4, 'Real', 1000, 1]	S	95	138	462	305	3.0864	0.4077	0.2375	0.3002	
['ClinVarReal', 'CleanLab', 0.3, 'Real', 500, 0]	S	44	87	263	106	3.2048	0.3359	0.2933	0.3132	
['ClinVarReal', 'CleanLab', 0.3, 'Real', 500, 1]	S	44	107	243	106	3.2239	0.2914	0.2933	0.2924	
['ClinVarReal', 'CleanLab', 0.3, 'Real', 300, 0]	S	30	53	157	60	2.6913	0.3614	0.3333	0.3468	
['ClinVarReal', 'CleanLab', 0.3, 'Real', 300, 1]	S	22	50	160	68	2.6958	0.3056	0.2444	0.2716	
['ClinVarReal', 'CleanLab', 0.3, 'Real', 3000, 0]	S	226	558	1542	674	9.8601	0.2883	0.2511	0.2684	
['ClinVarReal', 'CleanLab', 0.3, 'Real', 3000, 1]	S	217	473	1627	683	9.9976	0.3145	0.2411	0.273	
['ClinVarReal', 'CleanLab', 0.6, 'Real', 1000, 0]	S	112	89	311	488	4.4711	0.5572	0.1867	0.2797	
['ClinVarReal', 'CleanLab', 0.6, 'Real', 1000, 1]	S	109	70	330	491	4.486	0.6089	0.1817	0.2798	
['ClinVarReal', 'CleanLab', 0.6, 'Real', 500, 0]	S	69	35	165	231	2.0313	0.6635	0.23	0.3416	
['ClinVarReal', 'CleanLab', 0.6, 'Real', 500, 1]	S	56	41	159	244	2.0459	0.5773	0.1867	0.2821	
['ClinVarReal', 'CleanLab', 0.5, 'Real', 3000, 0]	S	287	312	1188	1213	6.8293	0.4791	0.1913	0.2735	
['ClinVarReal', 'CleanLab', 0.5, 'Real', 3000, 1]	S	286	284	1216	1214	6.84	0.5018	0.1907	0.2763	
['ClinVarReal', 'CleanLab', 0.6, 'Real', 100, 0]	S	28	10	30	32	1.3761	0.7368	0.4667	0.5714	
['ClinVarReal', 'CleanLab', 0.6, 'Real', 100, 1]	S	29	14	26	31	1.4281	0.6744	0.4833	0.5631	
['ClinVarReal', 'CleanLab', 0.6, 'Real', 300, 0]	S	31	26	94	149	1.6185	0.5439	0.1722	0.2616	
['ClinVarReal', 'CleanLab', 0.6, 'Real', 300, 1]	S	43	25	95	137	1.6432	0.6324	0.2389	0.3468	
['ClinVarReal', 'CleanLab', 0.1, 'Real', 1000, 0]	S	29	233	667	71	3.0014	0.1107	0.29	0.1602	
['ClinVarReal', 'CleanLab', 0.1, 'Real', 1000, 1]	S	28	218	682	72	3.0089	0.1138	0.28	0.1618	
['ClinVarReal', 'CleanLab', 0.7, 'Real', 300, 0]	S	43	25	65	167	1.7825	0.6324	0.2048	0.3094	
['ClinVarReal', 'CleanLab', 0.7, 'Real', 300, 1]	S	53	21	69	157	1.7583	0.7162	0.2524	0.3732	
['ClinVarReal', 'CleanLab', 0.2, 'Real', 300, 0]	S	16	70	170	44	2.7167	0.186	0.2667	0.2192	
['ClinVarReal', 'CleanLab', 0.2, 'Real', 300, 1]	S	13	68	172	47	2.7722	0.1605	0.2167	0.1844	
['ClinVarReal', 'CleanLab', 0.1, 'Real', 3000, 0]	S	93	701	1999	207	6.9083	0.1171	0.31	0.17	
['ClinVarReal', 'CleanLab', 0.1, 'Real', 3000, 1]	S	84	713	1987	216	7.0004	0.1054	0.28	0.1531	
['ClinVarReal', 'CleanLab', 0.2, 'Real', 100, 0]	S	7	30	50	13	2.2278	0.1892	0.35	0.2456	
['ClinVarReal', 'CleanLab', 0.2, 'Real', 100, 1]	S	8	25	55	12	2.2428	0.2424	0.4	0.3019	
['ClinVarReal', 'CleanLab', 0.7, 'Real', 1000, 0]	S	135	60	240	565	4.5262	0.6923	0.1929	0.3017	
['ClinVarReal', 'CleanLab', 0.7, 'Real', 1000, 1]	S	124	46	254	576	4.6075	0.7294	0.1771	0.2851	
['ClinVarReal', 'CleanLab', 0.7, 'Real', 500, 0]	S	72	20	130	278	3.1382	0.7826	0.2057	0.3258	
['ClinVarReal', 'CleanLab', 0.7, 'Real', 500, 1]	S	74	33	117	276	3.1661	0.6916	0.2114	0.3239	
['ClinVarReal', 'CleanLab', 0.2, 'Real', 500, 0]	S	31	89	311	69	3.1618	0.2583	0.31	0.2818	
['ClinVarReal', 'CleanLab', 0.2, 'Real', 500, 1]	S	30	97	303	70	3.1808	0.2362	0.3	0.2643	
['ClinVarReal', 'CleanLab', 0.2, 'Real', 1000, 0]	S	55	221	579	145	3.0611	0.1993	0.275	0.2311	
['ClinVarReal', 'CleanLab', 0.2, 'Real', 1000, 1]	S	45	213	587	155	3.0693	0.1744	0.225	0.1965	
['ClinVarReal', 'CleanLab', 0.2, 'Real', 3000, 0]	S	158	626	1774	442	6.8233	0.2015	0.2633	0.2283	
['ClinVarReal', 'CleanLab', 0.2, 'Real', 3000, 1]	S	161	660	1740	439	6.8842	0.1961	0.2683	0.2266	
['ClinVarReal', 'CleanLab', 0.7, 'Real', 3000, 0]	S	367	152	748	1733	6.7227	0.7071	0.1748	0.2803	
['ClinVarReal', 'CleanLab', 0.7, 'Real', 3000, 1]	S	353	163	737	1747	6.7662	0.6841	0.1681	0.2699	
['ClinVarReal', 'CleanLab', 0.3, 'Real', 10000, 0]	S	738	1803	5197	2262	23.1573	0.2904	0.246	0.2664	
['ClinVarReal', 'CleanLab', 0.7, 'Real', 5000, 0]	S	628	269	1231	2872	18.1427	0.7001	0.1794	0.2856	
['ClinVarReal', 'CleanLab', 0.5, 'Real', 300, 0]	S	47	39	111	103	1.6781	0.5465	0.3133	0.3983	
['ClinVarReal', 'CleanLab', 0.5, 'Real', 1000, 0]	S	86	105	395	414	4.4178	0.4503	0.172	0.2489	
['ClinVarReal', 'CleanLab', 0.5, 'Real', 500, 0]	S	68	57	193	182	3.2142	0.544	0.272	0.3627	
['ClinVarReal', 'CleanLab', 0.05, 'Real', 300, 0]	S	4	80	205	11	2.7573	0.0476	0.2667	0.0808	
['ClinVarReal', 'CleanLab', 0.7, 'Real', 1000, 0]	S	149	69	231	551	4.5422	0.6835	0.2129	0.3246	
['ClinVarReal', 'CleanLab', 0.05, 'Real', 500, 0]	S	5	140	335	20	3.2071	0.0345	0.2	0.0588	
['ClinVarReal', 'CleanLab', 0.05, 'Real', 1000, 0]	S	12	257	693	38	4.5774	0.0446	0.24	0.0752	
['ClinVarReal', 'CleanLab', 0.1, 'Real', 100, 0]	S	4	19	71	6	1.2129	0.1739	0.4	0.2424	
['ClinVarReal', 'CleanLab', 0.05, 'Real', 3000, 0]	S	34	766	2084	116	9.5791	0.0425	0.2267	0.0716	
['ClinVarReal', 'CleanLab', 0.3, 'Real', 100, 0]	S	11	26	44	19	2.1424	0.2973	0.3667	0.3284	
['ClinVarReal', 'CleanLab', 0.3, 'Real', 500, 0]	S	48	88	262	102	2.0639	0.3529	0.32	0.3357	
['ClinVarReal', 'CleanLab', 0.3, 'Real', 1000, 0]	S	80	173	527	220	2.9888	0.3162	0.2667	0.2893	
['ClinVarReal', 'CleanLab', 0.4, 'Real', 100, 0]	S	18	30	30	22	1.2335	0.375	0.45	0.4091	
['ClinVarReal', 'CleanLab', 0.4, 'Real', 300, 0]	S	25	50	130	95	1.7034	0.3333	0.2083	0.2564	
['ClinVarReal', 'CleanLab', 0.5, 'Real', 3000, 0]	S	271	288	1212	1229	6.7828	0.4848	0.1807	0.2632	
['ClinVarReal', 'CleanLab', 0.6, 'Real', 300, 0]	S	36	33	87	144	1.7319	0.5217	0.2	0.2892	
['ClinVarReal', 'CleanLab', 0.2, 'Real', 100, 0]	S	11	33	47	9	2.1423	0.25	0.55	0.3438	
['ClinVarReal', 'CleanLab', 0.2, 'Real', 300, 0]	S	14	72	168	46	2.63	0.1628	0.2333	0.1918	
['ClinVarReal', 'CleanLab', 0.2, 'Real', 500, 0]	S	28	112	288	72	3.2086	0.2	0.28	0.2333	
['ClinVarReal', 'CleanLab', 0.2, 'Real', 1000, 0]	S	54	233	567	146	4.5303	0.1882	0.27	0.2218	
['ClinVarReal', 'CleanLab', 0.2, 'Real', 3000, 0]	S	134	585	1815	466	6.8545	0.1864	0.2233	0.2032	
['ClinVarReal', 'CleanLab', 0.1, 'Real', 3000, 0]	S	77	673	2027	223	6.797	0.1027	0.2567	0.1467	
['ClinVarReal', 'CleanLab', 0.1, 'Real', 1000, 0]	S	31	277	623	69	2.9559	0.1006	0.31	0.152	
['ClinVarReal', 'CleanLab', 0.7, 'Real', 100, 0]	S	28	7	23	42	1.3653	0.8	0.4	0.5333	
['ClinVarReal', 'CleanLab', 0.6, 'Real', 3000, 0]	S	286	203	997	1514	9.6519	0.5849	0.1589	0.2499	
['ClinVarReal', 'CleanLab', 0.6, 'Real', 500, 0]	S	72	53	147	228	3.1775	0.576	0.24	0.3388	
['ClinVarReal', 'CleanLab', 0.6, 'Real', 100, 0]	S	20	13	27	40	1.2069	0.6061	0.3333	0.4301	
['ClinVarReal', 'CleanLab', 0.6, 'Real', 1000, 0]	S	128	81	319	472	4.4958	0.6124	0.2133	0.3164	
['ClinVarReal', 'CleanLab', 0.3, 'Real', 3000, 0]	S	231	534	1566	669	9.7182	0.302	0.2567	0.2775	
['ClinVarReal', 'CleanLab', 0.3, 'Real', 300, 0]	S	32	68	142	58	1.7574	0.32	0.3556	0.3368	
['ClinVarReal', 'CleanLab', 0.1, 'Real', 300, 0]	S	9	76	194	21	2.6964	0.1059	0.3	0.1565	
['ClinVarReal', 'CleanLab', 0.1, 'Real', 500, 0]	S	8	130	320	42	3.2795	0.058	0.16	0.0851	
['ClinVarReal', 'CleanLab', 0.5, 'Real', 100, 0]	S	22	20	30	28	2.1773	0.5238	0.44	0.4783	
['ClinVarReal', 'CleanLab', 0.4, 'Real', 3000, 0]	S	293	393	1407	907	6.8664	0.4271	0.2442	0.3107	
['ClinVarReal', 'CleanLab', 0.4, 'Real', 500, 0]	S	54	76	224	146	2.0427	0.4154	0.27	0.3273	
['ClinVarReal', 'CleanLab', 0.4, 'Real', 1000, 0]	S	82	103	497	318	4.5668	0.4432	0.205	0.2803	
['ClinVarReal', 'CleanLab', 0.7, 'Real', 300, 0]	S	46	23	67	164	2.7357	0.6667	0.219	0.3297	
['ClinVarReal', 'CleanLab', 0.7, 'Real', 500, 0]	S	63	27	123	287	2.0757	0.7	0.18	0.2864	
['ClinVarReal', 'CleanLab', 0.7, 'Real', 3000, 0]	S	381	152	748	1719	9.716	0.7148	0.1814	0.2894	
['ClinVarReal', 'CleanLab', 0.05, 'Real', 100, 0]	S	2	35	60	3	2.0565	0.0541	0.4	0.0952	
['ClinVarReal', 'CleanLab', 0.1, 'Real', 1000000, 0]	S	17307	155142	458357	50859	1570.7596	0.1004	0.2539	0.1439	
['ClinVarReal', 'CleanLab', 0.7, 'Real', 10000, 0]	S	1231	549	2451	5769	19.3761	0.6916	0.1759	0.2804	
['ClinVarReal', 'CleanLab', 0.4, 'Real', 5000, 0]	S	412	602	2398	1588	15.8363	0.4063	0.206	0.2734	
['ClinVarReal', 'CleanLab', 0.5, 'Real', 5000, 0]	S	461	422	2078	2039	10.6392	0.5221	0.1844	0.2725	
['ClinVarReal', 'CleanLab', 0.4, 'Real', 10000, 0]	S	942	1319	4681	3058	28.1021	0.4166	0.2355	0.3009	
['ClinVarReal', 'CleanLab', 0.5, 'Real', 10000, 0]	S	916	936	4064	4084	19.8059	0.4946	0.1832	0.2674	
['ClinVarReal', 'CleanLab', 0.6, 'Real', 5000, 0]	S	484	300	1700	2516	14.9872	0.6173	0.1613	0.2558	
['ClinVarReal', 'CleanLab', 0.6, 'Real', 10000, 0]	S	992	630	3370	5008	20.0832	0.6116	0.1653	0.2603	
['ClinVarReal', 'CleanLab', 0.7, 'Real', 5000, 0]	S	691	265	1235	2809	16.838	0.7228	0.1974	0.3101	
['ClinVarReal', 'CleanLab', 0.05, 'Real', 5000, 0]	S	69	1153	3597	181	11.0534	0.0565	0.276	0.0938	
['ClinVarReal', 'CleanLab', 0.05, 'Real', 10000, 0]	S	130	2248	7252	370	24.1343	0.0547	0.26	0.0903	
['ClinVarReal', 'CleanLab', 0.2, 'Real', 10000, 0]	S	530	2147	5853	1470	35.2951	0.198	0.265	0.2266	
['ClinVarReal', 'CleanLab', 0.3, 'Real', 5000, 0]	S	342	814	2686	1158	17.4904	0.2958	0.228	0.2575	
['ClinVarReal', 'CleanLab', 0.3, 'Real', 10000, 0]	S	705	1588	5412	2295	36.3442	0.3075	0.235	0.2664	
['ClinVarReal', 'CleanLab', 0.1, 'Real', 5000, 0]	S	125	1138	3362	375	11.4353	0.099	0.25	0.1418	
['ClinVarReal', 'CleanLab', 0.1, 'Real', 10000, 0]	S	248	2299	6701	752	29.289	0.0974	0.248	0.1398	
['ClinVarReal', 'CleanLab', 0.2, 'Real', 5000, 0]	S	275	1034	2966	725	10.3979	0.2101	0.275	0.2382	
['ClinVarReal', 'CleanLab', 0.8, 'Real', 3000, 0]	S	455	100	500	1945	6.7388	0.8198	0.1896	0.308	
['ClinVarReal', 'CleanLab', 0.8, 'Real', 3000, 1]	S	495	119	481	1905	6.7616	0.8062	0.2062	0.3285	
['ClinVarReal', 'CleanLab', 0.8, 'Real', 3000, 2]	S	472	104	496	1928	6.6989	0.8194	0.1967	0.3172	
['ClinVarReal', 'CleanLab', 0.8, 'Real', 3000, 3]	S	453	112	488	1947	6.7051	0.8018	0.1888	0.3056	
['ClinVarReal', 'CleanLab', 0.8, 'Real', 3000, 4]	S	436	102	498	1964	6.7318	0.8104	0.1817	0.2968	
['ClinVarReal', 'CleanLab', 0.8, 'Real', 3000, 5]	S	476	107	493	1924	6.762	0.8165	0.1983	0.3191	
['ClinVarReal', 'CleanLab', 0.8, 'Real', 3000, 6]	S	472	115	485	1928	6.7425	0.8041	0.1967	0.316	
['ClinVarReal', 'CleanLab', 0.8, 'Real', 100, 0]	S	39	5	15	41	1.2498	0.8864	0.4875	0.629	
['ClinVarReal', 'CleanLab', 0.8, 'Real', 100, 1]	S	26	10	10	54	1.255	0.7222	0.325	0.4483	
['ClinVarReal', 'CleanLab', 0.8, 'Real', 100, 2]	S	20	4	16	60	1.262	0.8333	0.25	0.3846	
['ClinVarReal', 'CleanLab', 0.8, 'Real', 100, 3]	S	15	2	18	65	1.2708	0.8824	0.1875	0.3093	
['ClinVarReal', 'CleanLab', 0.8, 'Real', 100, 4]	S	21	4	16	59	1.251	0.84	0.2625	0.4	
['ClinVarReal', 'CleanLab', 0.8, 'Real', 100, 5]	S	30	4	16	50	1.2624	0.8824	0.375	0.5263	
['ClinVarReal', 'CleanLab', 0.8, 'Real', 100, 6]	S	29	5	15	51	1.2557	0.8529	0.3625	0.5088	
['ClinVarReal', 'CleanLab', 0.8, 'Real', 1000, 0]	S	146	31	169	654	3.2573	0.8249	0.1825	0.2989	
['ClinVarReal', 'CleanLab', 0.8, 'Real', 1000, 1]	S	170	39	161	630	3.261	0.8134	0.2125	0.337	
['ClinVarReal', 'CleanLab', 0.8, 'Real', 1000, 2]	S	176	36	164	624	3.2637	0.8302	0.22	0.3478	
['ClinVarReal', 'CleanLab', 0.8, 'Real', 1000, 3]	S	162	32	168	638	3.3351	0.8351	0.2025	0.326	
['ClinVarReal', 'CleanLab', 0.8, 'Real', 1000, 4]	S	139	48	152	661	3.293	0.7433	0.1737	0.2817	
['ClinVarReal', 'CleanLab', 0.8, 'Real', 1000, 5]	S	178	53	147	622	3.3225	0.7706	0.2225	0.3453	
['ClinVarReal', 'CleanLab', 0.8, 'Real', 1000, 6]	S	140	40	160	660	3.3106	0.7778	0.175	0.2857	
['ClinVarReal', 'CleanLab', 0.9, 'Real', 100, 0]	S	29	3	7	61	1.2322	0.9062	0.3222	0.4754	
['ClinVarReal', 'CleanLab', 0.9, 'Real', 100, 1]	S	21	3	7	69	1.25	0.875	0.2333	0.3684	
['ClinVarReal', 'CleanLab', 0.9, 'Real', 100, 2]	S	19	4	6	71	1.2427	0.8261	0.2111	0.3363	
['ClinVarReal', 'CleanLab', 0.9, 'Real', 100, 3]	S	35	3	7	55	1.2675	0.9211	0.3889	0.5469	
['ClinVarReal', 'CleanLab', 0.9, 'Real', 100, 4]	S	23	3	7	67	1.2225	0.8846	0.2556	0.3966	
['ClinVarReal', 'CleanLab', 0.9, 'Real', 100, 5]	S	18	2	8	72	1.2425	0.9	0.2	0.3273	
['ClinVarReal', 'CleanLab', 0.9, 'Real', 100, 6]	S	29	3	7	61	1.2512	0.9062	0.3222	0.4754	
['ClinVarReal', 'CleanLab', 0.9, 'Real', 300, 0]	S	60	8	22	210	2.7407	0.8824	0.2222	0.355	
['ClinVarReal', 'CleanLab', 0.9, 'Real', 300, 1]	S	61	5	25	209	2.7357	0.9242	0.2259	0.3631	
['ClinVarReal', 'CleanLab', 0.9, 'Real', 300, 2]	S	57	7	23	213	2.7097	0.8906	0.2111	0.3413	
['ClinVarReal', 'CleanLab', 0.9, 'Real', 300, 3]	S	54	11	19	216	2.7387	0.8308	0.2	0.3224	
['ClinVarReal', 'CleanLab', 0.9, 'Real', 300, 4]	S	55	7	23	215	2.7435	0.8871	0.2037	0.3313	
['ClinVarReal', 'CleanLab', 0.9, 'Real', 300, 5]	S	55	3	27	215	2.7739	0.9483	0.2037	0.3354	
['ClinVarReal', 'CleanLab', 0.9, 'Real', 300, 6]	S	56	6	24	214	2.7454	0.9032	0.2074	0.3373	
['ClinVarReal', 'CleanLab', 0.8, 'Real', 300, 0]	S	52	15	45	188	1.8779	0.7761	0.2167	0.3388	
['ClinVarReal', 'CleanLab', 0.8, 'Real', 300, 1]	S	54	17	43	186	1.7399	0.7606	0.225	0.3473	
['ClinVarReal', 'CleanLab', 0.8, 'Real', 300, 2]	S	51	15	45	189	1.7357	0.7727	0.2125	0.3333	
['ClinVarReal', 'CleanLab', 0.8, 'Real', 300, 3]	S	44	14	46	196	1.8241	0.7586	0.1833	0.2953	
['ClinVarReal', 'CleanLab', 0.8, 'Real', 500, 0]	S	73	15	85	327	2.097	0.8295	0.1825	0.2992	
['ClinVarReal', 'CleanLab', 0.8, 'Real', 500, 1]	S	84	24	76	316	2.0752	0.7778	0.21	0.3307	
['ClinVarReal', 'CleanLab', 0.8, 'Real', 500, 2]	S	94	26	74	306	2.0803	0.7833	0.235	0.3615	
['ClinVarReal', 'CleanLab', 0.8, 'Real', 500, 3]	S	97	27	73	303	2.1384	0.7823	0.2425	0.3702	
['ClinVarReal', 'CleanLab', 0.9, 'Real', 3000, 0]	S	523	53	247	2177	6.9655	0.908	0.1937	0.3193	
['ClinVarReal', 'CleanLab', 0.9, 'Real', 3000, 1]	S	476	57	243	2224	6.97	0.8931	0.1763	0.2945	
['ClinVarReal', 'CleanLab', 0.9, 'Real', 3000, 2]	S	545	58	242	2155	7.1047	0.9038	0.2019	0.33	
['ClinVarReal', 'CleanLab', 0.9, 'Real', 3000, 3]	S	546	56	244	2154	7.4172	0.907	0.2022	0.3307	
['ClinVarReal', 'CleanLab', 0.9, 'Real', 1000, 0]	S	153	21	79	747	3.1214	0.8793	0.17	0.2849	
['ClinVarReal', 'CleanLab', 0.9, 'Real', 1000, 1]	S	178	18	82	722	3.0741	0.9082	0.1978	0.3248	
['ClinVarReal', 'CleanLab', 0.9, 'Real', 1000, 2]	S	156	14	86	744	3.0691	0.9176	0.1733	0.2916	
['ClinVarReal', 'CleanLab', 0.9, 'Real', 1000, 3]	S	156	21	79	744	3.0626	0.8814	0.1733	0.2897	
['ClinVarReal', 'CleanLab', 0.9, 'Real', 500, 0]	S	105	13	37	345	3.3965	0.8898	0.2333	0.3697	
['ClinVarReal', 'CleanLab', 0.9, 'Real', 500, 1]	S	95	14	36	355	3.3209	0.8716	0.2111	0.3399	
['ClinVarReal', 'CleanLab', 0.9, 'Real', 500, 2]	S	95	10	40	355	3.3066	0.9048	0.2111	0.3423	
['ClinVarReal', 'CleanLab', 0.9, 'Real', 500, 3]	S	86	8	42	364	3.4014	0.9149	0.1911	0.3162	
['ClinVarReal', 'CleanLab', 0.8, 'Real', 5000, 0]	S	592	377	623	3408	8.1957	0.6109	0.148	0.2383	
['ClinVarReal', 'CleanLab', 0.8, 'Real', 5000, 1]	S	525	369	631	3475	8.1626	0.5872	0.1312	0.2145	
['ClinVarReal', 'CleanLab', 0.8, 'Real', 5000, 2]	S	551	337	663	3449	8.0846	0.6205	0.1378	0.2255	
['ClinVarReal', 'CleanLab', 0.8, 'Real', 5000, 3]	S	563	322	678	3437	8.2361	0.6362	0.1407	0.2305	
['ClinVarReal', 'CleanLab', 0.8, 'Real', 5000, 4]	S	565	336	664	3435	8.2514	0.6271	0.1412	0.2306	
['ClinVarReal', 'CleanLab', 0.9, 'Real', 10000, 0]	S	1424	412	588	7576	15.4318	0.7756	0.1582	0.2628	
['ClinVarReal', 'CleanLab', 0.9, 'Real', 10000, 1]	S	1466	427	573	7534	15.5233	0.7744	0.1629	0.2692	
['ClinVarReal', 'CleanLab', 0.9, 'Real', 10000, 2]	S	1463	428	572	7537	15.5397	0.7737	0.1626	0.2687	
['ClinVarReal', 'CleanLab', 0.9, 'Real', 10000, 3]	S	1455	415	585	7545	15.3722	0.7781	0.1617	0.2677	
['ClinVarReal', 'CleanLab', 0.9, 'Real', 10000, 4]	S	1443	413	587	7557	15.3331	0.7775	0.1603	0.2658	
['ClinVarReal', 'CleanLab', 0.9, 'Real', 5000, 0]	S	752	218	282	3748	8.0922	0.7753	0.1671	0.275	
['ClinVarReal', 'CleanLab', 0.9, 'Real', 5000, 1]	S	706	196	304	3794	8.116	0.7827	0.1569	0.2614	
['ClinVarReal', 'CleanLab', 0.9, 'Real', 5000, 2]	S	768	193	307	3732	8.0762	0.7992	0.1707	0.2813	
['ClinVarReal', 'CleanLab', 0.9, 'Real', 5000, 3]	S	736	213	287	3764	8.0803	0.7756	0.1636	0.2701	
['ClinVarReal', 'CleanLab', 0.9, 'Real', 5000, 4]	S	703	203	297	3797	8.0086	0.7759	0.1562	0.2601	
['ClinVarReal', 'CleanLab', 0.8, 'Real', 10000, 0]	S	1171	732	1268	6829	15.1819	0.6153	0.1464	0.2365	
['ClinVarReal', 'CleanLab', 0.8, 'Real', 10000, 1]	S	1154	730	1270	6846	15.0429	0.6125	0.1442	0.2335	
['ClinVarReal', 'CleanLab', 0.8, 'Real', 10000, 2]	S	1207	744	1256	6793	15.3277	0.6187	0.1509	0.2426	
['ClinVarReal', 'CleanLab', 0.8, 'Real', 10000, 3]	S	1259	722	1278	6741	15.1269	0.6355	0.1574	0.2523	
['ClinVarReal', 'CleanLab', 0.8, 'Real', 10000, 4]	S	1152	700	1300	6848	15.0711	0.622	0.144	0.2339	
['ClinVarReal', 'CleanLab', 0.5, 'Real', 100, 0]	S	16	19	31	34	0.915	0.4571	0.32	0.3765	
['ClinVarReal', 'CleanLab', 0.5, 'Real', 100, 1]	S	13	24	26	37	0.9175	0.3514	0.26	0.2989	
['ClinVarReal', 'CleanLab', 0.5, 'Real', 100, 2]	S	23	21	29	27	0.9207	0.5227	0.46	0.4894	
['ClinVarReal', 'CleanLab', 0.5, 'Real', 100, 3]	S	18	20	30	32	0.9144	0.4737	0.36	0.4091	
['ClinVarReal', 'CleanLab', 0.5, 'Real', 100, 4]	S	21	19	31	29	0.9321	0.525	0.42	0.4667	
['ClinVarReal', 'CleanLab', 0.3, 'Real', 100, 0]	S	8	21	49	22	0.9303	0.2759	0.2667	0.2712	
['ClinVarReal', 'CleanLab', 0.3, 'Real', 100, 1]	S	18	29	41	12	0.9274	0.383	0.6	0.4675	
['ClinVarReal', 'CleanLab', 0.3, 'Real', 100, 2]	S	10	28	42	20	0.9364	0.2632	0.3333	0.2941	
['ClinVarReal', 'CleanLab', 0.3, 'Real', 100, 3]	S	11	31	39	19	0.9304	0.2619	0.3667	0.3056	
['ClinVarReal', 'CleanLab', 0.3, 'Real', 100, 4]	S	9	22	48	21	0.9384	0.2903	0.3	0.2951	
['ClinVarReal', 'CleanLab', 0.4, 'Real', 100, 0]	S	17	24	36	23	0.967	0.4146	0.425	0.4198	
['ClinVarReal', 'CleanLab', 0.4, 'Real', 100, 1]	S	14	20	40	26	0.9669	0.4118	0.35	0.3784	
['ClinVarReal', 'CleanLab', 0.4, 'Real', 100, 2]	S	12	21	39	28	0.9746	0.3636	0.3	0.3288	
['ClinVarReal', 'CleanLab', 0.4, 'Real', 100, 3]	S	17	19	41	23	0.9782	0.4722	0.425	0.4474	
['ClinVarReal', 'CleanLab', 0.4, 'Real', 100, 4]	S	20	25	35	20	0.9662	0.4444	0.5	0.4706	
['ClinVarReal', 'CleanLab', 0.2, 'Real', 100, 0]	S	10	33	47	10	1.6269	0.2326	0.5	0.3175	
['ClinVarReal', 'CleanLab', 0.2, 'Real', 100, 1]	S	10	25	55	10	1.6058	0.2857	0.5	0.3636	
['ClinVarReal', 'CleanLab', 0.2, 'Real', 100, 2]	S	9	25	55	11	1.6179	0.2647	0.45	0.3333	
['ClinVarReal', 'CleanLab', 0.2, 'Real', 100, 3]	S	4	25	55	16	1.5988	0.1379	0.2	0.1633	
['ClinVarReal', 'CleanLab', 0.2, 'Real', 100, 4]	S	7	21	59	13	1.6115	0.25	0.35	0.2917	
['ClinVarReal', 'CleanLab', 0.6, 'Real', 100, 0]	S	20	10	30	40	0.9463	0.6667	0.3333	0.4444	
['ClinVarReal', 'CleanLab', 0.6, 'Real', 100, 1]	S	24	16	24	36	0.9614	0.6	0.4	0.48	
['ClinVarReal', 'CleanLab', 0.6, 'Real', 100, 2]	S	18	12	28	42	0.9488	0.6	0.3	0.4	
['ClinVarReal', 'CleanLab', 0.6, 'Real', 100, 3]	S	22	15	25	38	0.9496	0.5946	0.3667	0.4536	
['ClinVarReal', 'CleanLab', 0.6, 'Real', 100, 4]	S	29	21	19	31	0.9429	0.58	0.4833	0.5273	
['ClinVarReal', 'CleanLab', 0.1, 'Real', 100, 0]	S	5	33	57	5	0.9427	0.1316	0.5	0.2083	
['ClinVarReal', 'CleanLab', 0.1, 'Real', 100, 1]	S	3	25	65	7	0.9265	0.1071	0.3	0.1579	
['ClinVarReal', 'CleanLab', 0.1, 'Real', 100, 2]	S	4	25	65	6	0.9122	0.1379	0.4	0.2051	
['ClinVarReal', 'CleanLab', 0.1, 'Real', 100, 3]	S	3	23	67	7	0.927	0.1154	0.3	0.1667	
['ClinVarReal', 'CleanLab', 0.1, 'Real', 100, 4]	S	5	32	58	5	0.9343	0.1351	0.5	0.2128	
['ClinVarReal', 'CleanLab', 0.05, 'Real', 100, 0]	S	2	30	65	3	0.9322	0.0625	0.4	0.1081	
['ClinVarReal', 'CleanLab', 0.05, 'Real', 100, 1]	S	2	37	58	3	0.9505	0.0513	0.4	0.0909	
['ClinVarReal', 'CleanLab', 0.05, 'Real', 100, 2]	S	1	33	62	4	0.9403	0.0294	0.2	0.0513	
['ClinVarReal', 'CleanLab', 0.05, 'Real', 100, 3]	S	3	30	65	2	0.9383	0.0909	0.6	0.1579	
['ClinVarReal', 'CleanLab', 0.05, 'Real', 100, 4]	S	2	27	68	3	0.9241	0.069	0.4	0.1176	
['ClinVarReal', 'CleanLab', 0.9, 'Real', 100, 0]	S	26	1	9	64	0.9413	0.963	0.2889	0.4444	
['ClinVarReal', 'CleanLab', 0.9, 'Real', 100, 1]	S	20	3	7	70	0.9057	0.8696	0.2222	0.354	
['ClinVarReal', 'CleanLab', 0.9, 'Real', 100, 2]	S	34	4	6	56	0.8931	0.8947	0.3778	0.5312	
['ClinVarReal', 'CleanLab', 0.9, 'Real', 100, 3]	S	22	4	6	68	0.9174	0.8462	0.2444	0.3793	
['ClinVarReal', 'CleanLab', 0.9, 'Real', 100, 4]	S	32	4	6	58	0.9092	0.8889	0.3556	0.5079	
['ClinVarReal', 'CleanLab', 0.7, 'Real', 100, 0]	S	31	17	13	39	1.5896	0.6458	0.4429	0.5254	
['ClinVarReal', 'CleanLab', 0.7, 'Real', 100, 1]	S	22	13	17	48	1.6145	0.6286	0.3143	0.419	
['ClinVarReal', 'CleanLab', 0.7, 'Real', 100, 2]	S	17	12	18	53	1.6673	0.5862	0.2429	0.3434	
['ClinVarReal', 'CleanLab', 0.7, 'Real', 100, 3]	S	31	13	17	39	1.5984	0.7045	0.4429	0.5439	
['ClinVarReal', 'CleanLab', 0.7, 'Real', 100, 4]	S	21	16	14	49	1.6211	0.5676	0.3	0.3925	
['ClinVarReal', 'CleanLab', 0.8, 'Real', 100, 0]	S	22	5	15	58	0.8986	0.8148	0.275	0.4112	
['ClinVarReal', 'CleanLab', 0.8, 'Real', 100, 1]	S	26	6	14	54	0.9198	0.8125	0.325	0.4643	
['ClinVarReal', 'CleanLab', 0.8, 'Real', 100, 2]	S	21	8	12	59	0.9326	0.7241	0.2625	0.3853	
['ClinVarReal', 'CleanLab', 0.8, 'Real', 100, 3]	S	38	6	14	42	0.9313	0.8636	0.475	0.6129	
['ClinVarReal', 'CleanLab', 0.8, 'Real', 100, 4]	S	27	6	14	53	0.9414	0.8182	0.3375	0.4779	
['ClinVarReal', 'CleanLab', 0.05, 'Real', 300, 0]	S	4	71	214	11	1.2209	0.0533	0.2667	0.0889	
['ClinVarReal', 'CleanLab', 0.05, 'Real', 300, 1]	S	10	63	222	5	1.2007	0.137	0.6667	0.2273	
['ClinVarReal', 'CleanLab', 0.05, 'Real', 300, 2]	S	8	86	199	7	1.1955	0.0851	0.5333	0.1468	
['ClinVarReal', 'CleanLab', 0.05, 'Real', 300, 3]	S	8	77	208	7	1.2086	0.0941	0.5333	0.16	
['ClinVarReal', 'CleanLab', 0.05, 'Real', 300, 4]	S	5	82	203	10	1.2233	0.0575	0.3333	0.098	
['ClinVarReal', 'CleanLab', 0.1, 'Real', 300, 0]	S	12	78	192	18	1.2497	0.1333	0.4	0.2	
['ClinVarReal', 'CleanLab', 0.1, 'Real', 300, 1]	S	14	82	188	16	1.2375	0.1458	0.4667	0.2222	
['ClinVarReal', 'CleanLab', 0.1, 'Real', 300, 2]	S	10	98	172	20	1.2187	0.0926	0.3333	0.1449	
['ClinVarReal', 'CleanLab', 0.1, 'Real', 300, 3]	S	8	57	213	22	1.2295	0.1231	0.2667	0.1684	
['ClinVarReal', 'CleanLab', 0.1, 'Real', 300, 4]	S	12	74	196	18	1.2293	0.1395	0.4	0.2069	
['ClinVarReal', 'CleanLab', 0.3, 'Real', 300, 0]	S	35	61	149	55	2.0785	0.3646	0.3889	0.3763	
['ClinVarReal', 'CleanLab', 0.3, 'Real', 300, 1]	S	30	39	171	60	2.113	0.4348	0.3333	0.3774	
['ClinVarReal', 'CleanLab', 0.3, 'Real', 300, 2]	S	35	68	142	55	2.1289	0.3398	0.3889	0.3627	
['ClinVarReal', 'CleanLab', 0.3, 'Real', 300, 3]	S	38	52	158	52	2.1097	0.4222	0.4222	0.4222	
['ClinVarReal', 'CleanLab', 0.3, 'Real', 300, 4]	S	32	66	144	58	2.0657	0.3265	0.3556	0.3404	
['ClinVarReal', 'CleanLab', 0.2, 'Real', 300, 0]	S	24	49	191	36	1.2435	0.3288	0.4	0.3609	
['ClinVarReal', 'CleanLab', 0.2, 'Real', 300, 1]	S	25	72	168	35	1.2439	0.2577	0.4167	0.3185	
['ClinVarReal', 'CleanLab', 0.2, 'Real', 300, 2]	S	26	68	172	34	1.2378	0.2766	0.4333	0.3377	
['ClinVarReal', 'CleanLab', 0.2, 'Real', 300, 3]	S	26	59	181	34	1.2312	0.3059	0.4333	0.3586	
['ClinVarReal', 'CleanLab', 0.2, 'Real', 300, 4]	S	23	55	185	37	1.24	0.2949	0.3833	0.3333	
['ClinVarReal', 'CleanLab', 0.9, 'Real', 1000, 0]	S	152	37	63	748	3.6403	0.8042	0.1689	0.2792	
['ClinVarReal', 'CleanLab', 0.9, 'Real', 1000, 1]	S	163	46	54	737	3.6762	0.7799	0.1811	0.294	
['ClinVarReal', 'CleanLab', 0.9, 'Real', 1000, 2]	S	145	44	56	755	3.6368	0.7672	0.1611	0.2663	
['ClinVarReal', 'CleanLab', 0.9, 'Real', 1000, 3]	S	141	40	60	759	3.5709	0.779	0.1567	0.2609	
['ClinVarReal', 'CleanLab', 0.9, 'Real', 1000, 4]	S	135	33	67	765	3.6596	0.8036	0.15	0.2528	
['ClinVarReal', 'CleanLab', 0.5, 'Real', 300, 0]	S	42	41	109	108	1.2754	0.506	0.28	0.3605	
['ClinVarReal', 'CleanLab', 0.5, 'Real', 300, 1]	S	30	40	110	120	1.2545	0.4286	0.2	0.2727	
['ClinVarReal', 'CleanLab', 0.5, 'Real', 300, 2]	S	42	55	95	108	1.2687	0.433	0.28	0.3401	
['ClinVarReal', 'CleanLab', 0.5, 'Real', 300, 3]	S	36	52	98	114	1.2559	0.4091	0.24	0.3025	
['ClinVarReal', 'CleanLab', 0.5, 'Real', 300, 4]	S	47	38	112	103	1.2301	0.5529	0.3133	0.4	
['ClinVarReal', 'CleanLab', 0.4, 'Real', 300, 0]	S	38	46	134	82	2.1252	0.4524	0.3167	0.3725	
['ClinVarReal', 'CleanLab', 0.4, 'Real', 300, 1]	S	36	51	129	84	2.1151	0.4138	0.3	0.3478	
['ClinVarReal', 'CleanLab', 0.4, 'Real', 300, 2]	S	38	51	129	82	2.1028	0.427	0.3167	0.3636	
['ClinVarReal', 'CleanLab', 0.4, 'Real', 300, 3]	S	33	45	135	87	2.1228	0.4231	0.275	0.3333	
['ClinVarReal', 'CleanLab', 0.4, 'Real', 300, 4]	S	25	51	129	95	2.1538	0.3289	0.2083	0.2551	
['ClinVarReal', 'CleanLab', 0.6, 'Real', 300, 0]	S	45	25	95	135	1.2559	0.6429	0.25	0.36	
['ClinVarReal', 'CleanLab', 0.6, 'Real', 300, 1]	S	44	34	86	136	1.2672	0.5641	0.2444	0.3411	
['ClinVarReal', 'CleanLab', 0.6, 'Real', 300, 2]	S	49	24	96	131	1.2568	0.6712	0.2722	0.3874	
['ClinVarReal', 'CleanLab', 0.6, 'Real', 300, 3]	S	54	34	86	126	1.2564	0.6136	0.3	0.403	
['ClinVarReal', 'CleanLab', 0.6, 'Real', 300, 4]	S	33	26	94	147	1.2647	0.5593	0.1833	0.2762	
['ClinVarReal', 'CleanLab', 0.7, 'Real', 300, 0]	S	39	34	56	171	1.4551	0.5342	0.1857	0.2756	
['ClinVarReal', 'CleanLab', 0.7, 'Real', 300, 1]	S	49	32	58	161	1.4766	0.6049	0.2333	0.3368	
['ClinVarReal', 'CleanLab', 0.7, 'Real', 300, 2]	S	37	26	64	173	1.4488	0.5873	0.1762	0.2711	
['ClinVarReal', 'CleanLab', 0.7, 'Real', 300, 3]	S	49	28	62	161	1.4734	0.6364	0.2333	0.3415	
['ClinVarReal', 'CleanLab', 0.7, 'Real', 300, 4]	S	49	33	57	161	1.4634	0.5976	0.2333	0.3356	
['ClinVarReal', 'CleanLab', 0.1, 'Real', 500, 0]	S	24	107	343	26	1.5503	0.1832	0.48	0.2652	
['ClinVarReal', 'CleanLab', 0.1, 'Real', 500, 1]	S	25	123	327	25	1.5438	0.1689	0.5	0.2525	
['ClinVarReal', 'CleanLab', 0.1, 'Real', 500, 2]	S	26	96	354	24	1.5392	0.2131	0.52	0.3023	
['ClinVarReal', 'CleanLab', 0.1, 'Real', 500, 3]	S	24	123	327	26	1.5489	0.1633	0.48	0.2437	
['ClinVarReal', 'CleanLab', 0.1, 'Real', 500, 4]	S	23	114	336	27	1.5221	0.1679	0.46	0.246	
['ClinVarReal', 'CleanLab', 0.05, 'Real', 500, 0]	S	9	122	353	16	1.5333	0.0687	0.36	0.1154	
['ClinVarReal', 'CleanLab', 0.05, 'Real', 500, 1]	S	7	112	363	18	1.549	0.0588	0.28	0.0972	
['ClinVarReal', 'CleanLab', 0.05, 'Real', 500, 2]	S	9	123	352	16	1.5222	0.0682	0.36	0.1146	
['ClinVarReal', 'CleanLab', 0.05, 'Real', 500, 3]	S	14	115	360	11	1.5199	0.1085	0.56	0.1818	
['ClinVarReal', 'CleanLab', 0.05, 'Real', 500, 4]	S	14	127	348	11	1.5245	0.0993	0.56	0.1687	
['ClinVarReal', 'CleanLab', 0.3, 'Real', 500, 0]	S	54	85	265	96	1.53	0.3885	0.36	0.3737	
['ClinVarReal', 'CleanLab', 0.3, 'Real', 500, 1]	S	65	70	280	85	1.5088	0.4815	0.4333	0.4561	
['ClinVarReal', 'CleanLab', 0.3, 'Real', 500, 2]	S	45	97	253	105	1.5407	0.3169	0.3	0.3082	
['ClinVarReal', 'CleanLab', 0.3, 'Real', 500, 3]	S	55	102	248	95	1.5457	0.3503	0.3667	0.3583	
['ClinVarReal', 'CleanLab', 0.3, 'Real', 500, 4]	S	54	84	266	96	1.5204	0.3913	0.36	0.375	
['ClinVarReal', 'CleanLab', 0.2, 'Real', 500, 0]	S	49	87	313	51	1.5048	0.3603	0.49	0.4153	
['ClinVarReal', 'CleanLab', 0.2, 'Real', 500, 1]	S	46	121	279	54	1.5171	0.2754	0.46	0.3446	
['ClinVarReal', 'CleanLab', 0.2, 'Real', 500, 2]	S	30	90	310	70	1.5175	0.25	0.3	0.2727	
['ClinVarReal', 'CleanLab', 0.2, 'Real', 500, 3]	S	31	97	303	69	1.512	0.2422	0.31	0.2719	
['ClinVarReal', 'CleanLab', 0.2, 'Real', 500, 4]	S	52	114	286	48	1.5142	0.3133	0.52	0.391	
['ClinVarReal', 'CleanLab', 0.4, 'Real', 500, 0]	S	44	76	224	156	1.4913	0.3667	0.22	0.275	
['ClinVarReal', 'CleanLab', 0.4, 'Real', 500, 1]	S	40	63	237	160	1.5136	0.3883	0.2	0.264	
['ClinVarReal', 'CleanLab', 0.4, 'Real', 500, 2]	S	87	72	228	113	1.4838	0.5472	0.435	0.4847	
['ClinVarReal', 'CleanLab', 0.4, 'Real', 500, 3]	S	48	71	229	152	1.4853	0.4034	0.24	0.3009	
['ClinVarReal', 'CleanLab', 0.4, 'Real', 500, 4]	S	69	62	238	131	1.5016	0.5267	0.345	0.4169	
['ClinVarReal', 'CleanLab', 0.5, 'Real', 500, 0]	S	54	60	190	196	1.5379	0.4737	0.216	0.2967	
['ClinVarReal', 'CleanLab', 0.5, 'Real', 500, 1]	S	43	51	199	207	1.5073	0.4574	0.172	0.25	
['ClinVarReal', 'CleanLab', 0.5, 'Real', 500, 2]	S	55	59	191	195	1.4953	0.4825	0.22	0.3022	
['ClinVarReal', 'CleanLab', 0.5, 'Real', 500, 3]	S	55	62	188	195	1.5071	0.4701	0.22	0.2997	
['ClinVarReal', 'CleanLab', 0.5, 'Real', 500, 4]	S	65	56	194	185	1.5142	0.5372	0.26	0.3504	
['ClinVarReal', 'CleanLab', 0.6, 'Real', 500, 0]	S	45	59	141	255	1.5302	0.4327	0.15	0.2228	
['ClinVarReal', 'CleanLab', 0.6, 'Real', 500, 1]	S	60	45	155	240	1.5501	0.5714	0.2	0.2963	
['ClinVarReal', 'CleanLab', 0.6, 'Real', 500, 2]	S	54	56	144	246	1.545	0.4909	0.18	0.2634	
['ClinVarReal', 'CleanLab', 0.6, 'Real', 500, 3]	S	55	61	139	245	1.5482	0.4741	0.1833	0.2644	
['ClinVarReal', 'CleanLab', 0.6, 'Real', 500, 4]	S	62	46	154	238	1.513	0.5741	0.2067	0.3039	
['ClinVarReal', 'CleanLab', 0.8, 'Real', 300, 0]	S	47	27	33	193	1.2438	0.6351	0.1958	0.2994	
['ClinVarReal', 'CleanLab', 0.8, 'Real', 300, 1]	S	42	25	35	198	1.2317	0.6269	0.175	0.2736	
['ClinVarReal', 'CleanLab', 0.8, 'Real', 300, 2]	S	43	29	31	197	1.2073	0.5972	0.1792	0.2756	
['ClinVarReal', 'CleanLab', 0.8, 'Real', 300, 3]	S	46	18	42	194	1.2497	0.7188	0.1917	0.3026	
['ClinVarReal', 'CleanLab', 0.8, 'Real', 300, 4]	S	42	16	44	198	1.2562	0.7241	0.175	0.2819	
['ClinVarReal', 'CleanLab', 0.8, 'Real', 1000, 0]	S	109	63	137	691	3.5812	0.6337	0.1362	0.2243	
['ClinVarReal', 'CleanLab', 0.8, 'Real', 1000, 1]	S	118	63	137	682	3.5397	0.6519	0.1475	0.2406	
['ClinVarReal', 'CleanLab', 0.8, 'Real', 1000, 2]	S	113	65	135	687	3.5936	0.6348	0.1412	0.2311	
['ClinVarReal', 'CleanLab', 0.8, 'Real', 1000, 3]	S	136	62	138	664	3.5422	0.6869	0.17	0.2725	
['ClinVarReal', 'CleanLab', 0.8, 'Real', 1000, 4]	S	125	68	132	675	3.5058	0.6477	0.1562	0.2518	
['ClinVarReal', 'CleanLab', 0.9, 'Real', 500, 0]	S	79	17	33	371	1.5189	0.8229	0.1756	0.2894	
['ClinVarReal', 'CleanLab', 0.9, 'Real', 500, 1]	S	71	11	39	379	1.4634	0.8659	0.1578	0.2669	
['ClinVarReal', 'CleanLab', 0.9, 'Real', 500, 2]	S	70	23	27	380	1.4909	0.7527	0.1556	0.2578	
['ClinVarReal', 'CleanLab', 0.9, 'Real', 500, 3]	S	85	17	33	365	1.48	0.8333	0.1889	0.308	
['ClinVarReal', 'CleanLab', 0.9, 'Real', 500, 4]	S	67	19	31	383	1.5033	0.7791	0.1489	0.25	
['ClinVarReal', 'CleanLab', 0.8, 'Real', 500, 0]	S	84	33	67	316	2.5025	0.7179	0.21	0.325	
['ClinVarReal', 'CleanLab', 0.8, 'Real', 500, 1]	S	58	36	64	342	2.4884	0.617	0.145	0.2348	
['ClinVarReal', 'CleanLab', 0.8, 'Real', 500, 2]	S	68	40	60	332	2.502	0.6296	0.17	0.2677	
['ClinVarReal', 'CleanLab', 0.8, 'Real', 500, 3]	S	82	50	50	318	2.4863	0.6212	0.205	0.3083	
['ClinVarReal', 'CleanLab', 0.8, 'Real', 500, 4]	S	59	43	57	341	2.4544	0.5784	0.1475	0.2351	
['ClinVarReal', 'CleanLab', 0.05, 'Real', 1000, 0]	S	22	239	711	28	2.2741	0.0843	0.44	0.1415	
['ClinVarReal', 'CleanLab', 0.05, 'Real', 1000, 1]	S	24	224	726	26	2.2624	0.0968	0.48	0.1611	
['ClinVarReal', 'CleanLab', 0.05, 'Real', 1000, 2]	S	22	231	719	28	2.2706	0.087	0.44	0.1452	
['ClinVarReal', 'CleanLab', 0.05, 'Real', 1000, 3]	S	24	227	723	26	2.2784	0.0956	0.48	0.1595	
['ClinVarReal', 'CleanLab', 0.05, 'Real', 1000, 4]	S	21	232	718	29	2.2743	0.083	0.42	0.1386	
['ClinVarReal', 'CleanLab', 0.3, 'Real', 1000, 0]	S	119	149	551	181	2.2405	0.444	0.3967	0.419	
['ClinVarReal', 'CleanLab', 0.3, 'Real', 1000, 1]	S	114	160	540	186	2.2262	0.4161	0.38	0.3972	
['ClinVarReal', 'CleanLab', 0.3, 'Real', 1000, 2]	S	116	153	547	184	2.2708	0.4312	0.3867	0.4077	
['ClinVarReal', 'CleanLab', 0.3, 'Real', 1000, 3]	S	81	138	562	219	2.2409	0.3699	0.27	0.3121	
['ClinVarReal', 'CleanLab', 0.3, 'Real', 1000, 4]	S	95	155	545	205	2.2475	0.38	0.3167	0.3455	
['ClinVarReal', 'CleanLab', 0.6, 'Real', 1000, 0]	S	94	86	314	506	2.3206	0.5222	0.1567	0.241	
['ClinVarReal', 'CleanLab', 0.6, 'Real', 1000, 1]	S	112	75	325	488	2.3308	0.5989	0.1867	0.2846	
['ClinVarReal', 'CleanLab', 0.6, 'Real', 1000, 2]	S	95	79	321	505	2.3638	0.546	0.1583	0.2455	
['ClinVarReal', 'CleanLab', 0.6, 'Real', 1000, 3]	S	84	104	296	516	2.3292	0.4468	0.14	0.2132	
['ClinVarReal', 'CleanLab', 0.6, 'Real', 1000, 4]	S	86	93	307	514	2.3473	0.4804	0.1433	0.2208	
['ClinVarReal', 'CleanLab', 0.4, 'Real', 1000, 0]	S	115	128	472	285	2.6149	0.4733	0.2875	0.3577	
['ClinVarReal', 'CleanLab', 0.4, 'Real', 1000, 1]	S	121	133	467	279	2.6254	0.4764	0.3025	0.37	
['ClinVarReal', 'CleanLab', 0.4, 'Real', 1000, 2]	S	87	116	484	313	2.5905	0.4286	0.2175	0.2886	
['ClinVarReal', 'CleanLab', 0.4, 'Real', 1000, 3]	S	118	134	466	282	2.5899	0.4683	0.295	0.362	
['ClinVarReal', 'CleanLab', 0.4, 'Real', 1000, 4]	S	108	121	479	292	2.5678	0.4716	0.27	0.3434	
['ClinVarReal', 'CleanLab', 0.7, 'Real', 500, 0]	S	72	48	102	278	1.5855	0.6	0.2057	0.3064	
['ClinVarReal', 'CleanLab', 0.7, 'Real', 500, 1]	S	65	48	102	285	1.5943	0.5752	0.1857	0.2808	
['ClinVarReal', 'CleanLab', 0.7, 'Real', 500, 2]	S	73	47	103	277	1.5678	0.6083	0.2086	0.3106	
['ClinVarReal', 'CleanLab', 0.7, 'Real', 500, 3]	S	79	52	98	271	1.5626	0.6031	0.2257	0.3285	
['ClinVarReal', 'CleanLab', 0.7, 'Real', 500, 4]	S	63	38	112	287	1.561	0.6238	0.18	0.2794	
['ClinVarReal', 'CleanLab', 0.1, 'Real', 1000, 0]	S	39	208	692	61	2.2343	0.1579	0.39	0.2248	
['ClinVarReal', 'CleanLab', 0.1, 'Real', 1000, 1]	S	47	226	674	53	2.2387	0.1722	0.47	0.252	
['ClinVarReal', 'CleanLab', 0.1, 'Real', 1000, 2]	S	41	205	695	59	2.2527	0.1667	0.41	0.237	
['ClinVarReal', 'CleanLab', 0.1, 'Real', 1000, 3]	S	46	216	684	54	2.2435	0.1756	0.46	0.2541	
['ClinVarReal', 'CleanLab', 0.1, 'Real', 1000, 4]	S	45	220	680	55	2.27	0.1698	0.45	0.2466	
['ClinVarReal', 'CleanLab', 0.7, 'Real', 1000, 0]	S	123	66	234	577	2.2039	0.6508	0.1757	0.2767	
['ClinVarReal', 'CleanLab', 0.7, 'Real', 1000, 1]	S	93	83	217	607	2.2184	0.5284	0.1329	0.2123	
['ClinVarReal', 'CleanLab', 0.7, 'Real', 1000, 2]	S	99	75	225	601	2.2471	0.569	0.1414	0.2265	
['ClinVarReal', 'CleanLab', 0.7, 'Real', 1000, 3]	S	101	77	223	599	2.2355	0.5674	0.1443	0.2301	
['ClinVarReal', 'CleanLab', 0.7, 'Real', 1000, 4]	S	98	83	217	602	2.2346	0.5414	0.14	0.2225	
['ClinVarReal', 'CleanLab', 0.2, 'Real', 1000, 0]	S	81	198	602	119	2.2222	0.2903	0.405	0.3382	
['ClinVarReal', 'CleanLab', 0.2, 'Real', 1000, 1]	S	92	196	604	108	2.2623	0.3194	0.46	0.377	
['ClinVarReal', 'CleanLab', 0.2, 'Real', 1000, 2]	S	101	202	598	99	2.2641	0.3333	0.505	0.4016	
['ClinVarReal', 'CleanLab', 0.2, 'Real', 1000, 3]	S	79	194	606	121	2.2609	0.2894	0.395	0.334	
['ClinVarReal', 'CleanLab', 0.2, 'Real', 1000, 4]	S	93	158	642	107	2.2532	0.3705	0.465	0.4124	
['ClinVarReal', 'CleanLab', 0.5, 'Real', 1000, 0]	S	104	105	395	396	2.2489	0.4976	0.208	0.2934	
['ClinVarReal', 'CleanLab', 0.5, 'Real', 1000, 1]	S	98	123	377	402	2.252	0.4434	0.196	0.2718	
['ClinVarReal', 'CleanLab', 0.5, 'Real', 1000, 2]	S	98	109	391	402	2.2484	0.4734	0.196	0.2772	
['ClinVarReal', 'CleanLab', 0.5, 'Real', 1000, 3]	S	87	99	401	413	2.2843	0.4677	0.174	0.2536	
['ClinVarReal', 'CleanLab', 0.5, 'Real', 1000, 4]	S	121	87	413	379	2.2661	0.5817	0.242	0.3418	
['ClinVarReal', 'CleanLab', 0.9, 'Real', 300, 0]	S	46	10	20	224	2.0717	0.8214	0.1704	0.2822	
['ClinVarReal', 'CleanLab', 0.9, 'Real', 300, 1]	S	38	12	18	232	2.0892	0.76	0.1407	0.2375	
['ClinVarReal', 'CleanLab', 0.9, 'Real', 300, 2]	S	71	12	18	199	2.0696	0.8554	0.263	0.4023	
['ClinVarReal', 'CleanLab', 0.9, 'Real', 300, 3]	S	71	14	16	199	2.0885	0.8353	0.263	0.4	
['ClinVarReal', 'CleanLab', 0.9, 'Real', 300, 4]	S	68	13	17	202	2.1206	0.8395	0.2519	0.3875	
['ClinVarReal', 'CleanLab', 0.9, 'Real', 500, 0]	S	123	26	24	327	2.5259	0.8255	0.2733	0.4107	
['ClinVarReal', 'CleanLab', 0.9, 'Real', 500, 1]	S	81	26	24	369	2.517	0.757	0.18	0.2908	
['ClinVarReal', 'CleanLab', 0.9, 'Real', 500, 2]	S	93	20	30	357	2.5401	0.823	0.2067	0.3304	
['ClinVarReal', 'CleanLab', 0.9, 'Real', 500, 3]	S	73	15	35	377	2.5105	0.8295	0.1622	0.2714	
['ClinVarReal', 'CleanLab', 0.9, 'Real', 500, 4]	S	72	16	34	378	2.5063	0.8182	0.16	0.2677	
['ClinVarReal', 'CleanLab', 0.9, 'Real', 1000, 0]	S	153	39	61	747	3.5606	0.7969	0.17	0.2802	
['ClinVarReal', 'CleanLab', 0.9, 'Real', 1000, 1]	S	137	45	55	763	3.5718	0.7527	0.1522	0.2532	
['ClinVarReal', 'CleanLab', 0.9, 'Real', 1000, 2]	S	154	38	62	746	3.59	0.8021	0.1711	0.2821	
['ClinVarReal', 'CleanLab', 0.9, 'Real', 1000, 3]	S	156	45	55	744	3.5405	0.7761	0.1733	0.2834	
['ClinVarReal', 'CleanLab', 0.9, 'Real', 1000, 4]	S	132	37	63	768	3.5479	0.7811	0.1467	0.247	
['ClinVarReal', 'CleanLab', 0.8, 'Real', 300, 0]	S	47	23	37	193	2.0673	0.6714	0.1958	0.3032	
['ClinVarReal', 'CleanLab', 0.8, 'Real', 300, 1]	S	57	22	38	183	2.0698	0.7215	0.2375	0.3574	
['ClinVarReal', 'CleanLab', 0.8, 'Real', 300, 2]	S	49	18	42	191	2.0795	0.7313	0.2042	0.3192	
['ClinVarReal', 'CleanLab', 0.8, 'Real', 300, 3]	S	47	22	38	193	2.0644	0.6812	0.1958	0.3042	
['ClinVarReal', 'CleanLab', 0.8, 'Real', 300, 4]	S	46	28	32	194	2.035	0.6216	0.1917	0.293	
['ClinVarReal', 'CleanLab', 0.8, 'Real', 500, 0]	S	63	28	72	337	2.4857	0.6923	0.1575	0.2566	
['ClinVarReal', 'CleanLab', 0.8, 'Real', 500, 1]	S	61	35	65	339	2.4757	0.6354	0.1525	0.246	
['ClinVarReal', 'CleanLab', 0.8, 'Real', 500, 2]	S	65	33	67	335	2.5207	0.6633	0.1625	0.261	
['ClinVarReal', 'CleanLab', 0.8, 'Real', 500, 3]	S	59	33	67	341	2.4989	0.6413	0.1475	0.2398	
['ClinVarReal', 'CleanLab', 0.8, 'Real', 500, 4]	S	72	38	62	328	2.4504	0.6545	0.18	0.2824	
['ClinVarReal', 'CleanLab', 0.1, 'Real', 3000, 0]	S	135	626	2074	165	5.2565	0.1774	0.45	0.2545	
['ClinVarReal', 'CleanLab', 0.1, 'Real', 3000, 1]	S	118	640	2060	182	5.2238	0.1557	0.3933	0.2231	
['ClinVarReal', 'CleanLab', 0.1, 'Real', 3000, 2]	S	148	679	2021	152	5.1942	0.179	0.4933	0.2626	
['ClinVarReal', 'CleanLab', 0.1, 'Real', 3000, 3]	S	128	631	2069	172	5.1882	0.1686	0.4267	0.2417	
['ClinVarReal', 'CleanLab', 0.1, 'Real', 3000, 4]	S	135	675	2025	165	5.2576	0.1667	0.45	0.2432	
['ClinVarReal', 'CleanLab', 0.05, 'Real', 3000, 0]	S	74	692	2158	76	5.2461	0.0966	0.4933	0.1616	
['ClinVarReal', 'CleanLab', 0.05, 'Real', 3000, 1]	S	71	721	2129	79	5.3025	0.0896	0.4733	0.1507	
['ClinVarReal', 'CleanLab', 0.05, 'Real', 3000, 2]	S	79	721	2129	71	5.3337	0.0988	0.5267	0.1663	
['ClinVarReal', 'CleanLab', 0.05, 'Real', 3000, 3]	S	62	665	2185	88	5.2538	0.0853	0.4133	0.1414	
['ClinVarReal', 'CleanLab', 0.05, 'Real', 3000, 4]	S	64	648	2202	86	5.2807	0.0899	0.4267	0.1485	
['ClinVarReal', 'CleanLab', 0.9, 'Real', 5000, 0]	S	699	228	272	3801	8.1278	0.754	0.1553	0.2576	
['ClinVarReal', 'CleanLab', 0.9, 'Real', 5000, 1]	S	675	189	311	3825	8.1301	0.7812	0.15	0.2517	
['ClinVarReal', 'CleanLab', 0.9, 'Real', 5000, 2]	S	714	196	304	3786	8.0652	0.7846	0.1587	0.264	
['ClinVarReal', 'CleanLab', 0.9, 'Real', 5000, 3]	S	725	204	296	3775	8.1308	0.7804	0.1611	0.2671	
['ClinVarReal', 'CleanLab', 0.9, 'Real', 5000, 4]	S	708	210	290	3792	8.1113	0.7712	0.1573	0.2614	
['ClinVarReal', 'CleanLab', 0.4, 'Real', 3000, 0]	S	331	348	1452	869	5.1879	0.4875	0.2758	0.3523	
['ClinVarReal', 'CleanLab', 0.4, 'Real', 3000, 1]	S	360	377	1423	840	5.208	0.4885	0.3	0.3717	
['ClinVarReal', 'CleanLab', 0.4, 'Real', 3000, 2]	S	318	344	1456	882	5.2391	0.4804	0.265	0.3416	
['ClinVarReal', 'CleanLab', 0.4, 'Real', 3000, 3]	S	273	304	1496	927	5.2489	0.4731	0.2275	0.3073	
['ClinVarReal', 'CleanLab', 0.4, 'Real', 3000, 4]	S	334	391	1409	866	5.2491	0.4607	0.2783	0.347	
['ClinVarReal', 'CleanLab', 0.8, 'Real', 5000, 0]	S	574	377	623	3426	11.879	0.6036	0.1435	0.2319	
['ClinVarReal', 'CleanLab', 0.8, 'Real', 5000, 1]	S	530	332	668	3470	11.959	0.6148	0.1325	0.218	
['ClinVarReal', 'CleanLab', 0.8, 'Real', 5000, 2]	S	606	342	658	3394	11.8498	0.6392	0.1515	0.2449	
['ClinVarReal', 'CleanLab', 0.8, 'Real', 5000, 3]	S	534	339	661	3466	11.9945	0.6117	0.1335	0.2192	
['ClinVarReal', 'CleanLab', 0.8, 'Real', 5000, 4]	S	604	368	632	3396	12.046	0.6214	0.151	0.243	
['ClinVarReal', 'CleanLab', 0.5, 'Real', 3000, 0]	S	260	287	1213	1240	5.2731	0.4753	0.1733	0.254	
['ClinVarReal', 'CleanLab', 0.5, 'Real', 3000, 1]	S	313	291	1209	1187	5.2113	0.5182	0.2087	0.2975	
['ClinVarReal', 'CleanLab', 0.5, 'Real', 3000, 2]	S	247	255	1245	1253	5.3044	0.492	0.1647	0.2468	
['ClinVarReal', 'CleanLab', 0.5, 'Real', 3000, 3]	S	340	294	1206	1160	5.2759	0.5363	0.2267	0.3187	
['ClinVarReal', 'CleanLab', 0.5, 'Real', 3000, 4]	S	288	263	1237	1212	5.241	0.5227	0.192	0.2808	
['ClinVarReal', 'CleanLab', 0.6, 'Real', 3000, 0]	S	295	242	958	1505	5.185	0.5493	0.1639	0.2525	
['ClinVarReal', 'CleanLab', 0.6, 'Real', 3000, 1]	S	260	227	973	1540	5.1914	0.5339	0.1444	0.2274	
['ClinVarReal', 'CleanLab', 0.6, 'Real', 3000, 2]	S	272	225	975	1528	5.2088	0.5473	0.1511	0.2368	
['ClinVarReal', 'CleanLab', 0.6, 'Real', 3000, 3]	S	268	228	972	1532	5.2829	0.5403	0.1489	0.2334	
['ClinVarReal', 'CleanLab', 0.6, 'Real', 3000, 4]	S	266	221	979	1534	5.2252	0.5462	0.1478	0.2326	
['ClinVarReal', 'CleanLab', 0.2, 'Real', 3000, 0]	S	255	550	1850	345	5.1649	0.3168	0.425	0.363	
['ClinVarReal', 'CleanLab', 0.2, 'Real', 3000, 1]	S	245	559	1841	355	5.1559	0.3047	0.4083	0.349	
['ClinVarReal', 'CleanLab', 0.2, 'Real', 3000, 2]	S	263	513	1887	337	5.1817	0.3389	0.4383	0.3823	
['ClinVarReal', 'CleanLab', 0.2, 'Real', 3000, 3]	S	233	509	1891	367	5.2658	0.314	0.3883	0.3472	
['ClinVarReal', 'CleanLab', 0.2, 'Real', 3000, 4]	S	243	512	1888	357	5.1477	0.3219	0.405	0.3587	
['ClinVarReal', 'CleanLab', 0.7, 'Real', 3000, 0]	S	300	267	633	1800	5.1603	0.5291	0.1429	0.225	
['ClinVarReal', 'CleanLab', 0.7, 'Real', 3000, 1]	S	351	228	672	1749	5.1749	0.6062	0.1671	0.262	
['ClinVarReal', 'CleanLab', 0.7, 'Real', 3000, 2]	S	285	263	637	1815	5.1949	0.5201	0.1357	0.2153	
['ClinVarReal', 'CleanLab', 0.7, 'Real', 3000, 3]	S	309	277	623	1791	5.1865	0.5273	0.1471	0.2301	
['ClinVarReal', 'CleanLab', 0.7, 'Real', 3000, 4]	S	334	238	662	1766	5.1932	0.5839	0.159	0.25	
['ClinVarReal', 'CleanLab', 0.8, 'Real', 3000, 0]	S	306	190	410	2094	5.1564	0.6169	0.1275	0.2113	
['ClinVarReal', 'CleanLab', 0.8, 'Real', 3000, 1]	S	347	163	437	2053	5.1552	0.6804	0.1446	0.2385	
['ClinVarReal', 'CleanLab', 0.8, 'Real', 3000, 2]	S	401	240	360	1999	5.135	0.6256	0.1671	0.2637	
['ClinVarReal', 'CleanLab', 0.8, 'Real', 3000, 3]	S	331	206	394	2069	5.2117	0.6164	0.1379	0.2254	
['ClinVarReal', 'CleanLab', 0.8, 'Real', 3000, 4]	S	349	211	389	2051	5.2414	0.6232	0.1454	0.2358	
['ClinVarReal', 'CleanLab', 0.3, 'Real', 3000, 0]	S	350	479	1621	550	5.1317	0.4222	0.3889	0.4049	
['ClinVarReal', 'CleanLab', 0.3, 'Real', 3000, 1]	S	322	435	1665	578	5.1637	0.4254	0.3578	0.3887	
['ClinVarReal', 'CleanLab', 0.3, 'Real', 3000, 2]	S	256	425	1675	644	5.1876	0.3759	0.2844	0.3238	
['ClinVarReal', 'CleanLab', 0.3, 'Real', 3000, 3]	S	340	439	1661	560	5.1742	0.4365	0.3778	0.405	
['ClinVarReal', 'CleanLab', 0.3, 'Real', 3000, 4]	S	350	450	1650	550	5.1318	0.4375	0.3889	0.4118	
['ClinVarReal', 'CleanLab', 0.1, 'Real', 5000, 0]	S	214	1078	3422	286	10.6531	0.1656	0.428	0.2388	
['ClinVarReal', 'CleanLab', 0.1, 'Real', 5000, 1]	S	225	1114	3386	275	10.7284	0.168	0.45	0.2447	
['ClinVarReal', 'CleanLab', 0.1, 'Real', 5000, 2]	S	218	1023	3477	282	10.6698	0.1757	0.436	0.2504	
['ClinVarReal', 'CleanLab', 0.1, 'Real', 5000, 3]	S	210	1085	3415	290	10.6731	0.1622	0.42	0.234	
['ClinVarReal', 'CleanLab', 0.1, 'Real', 5000, 4]	S	219	1106	3394	281	10.7316	0.1653	0.438	0.24	
['ClinVarReal', 'CleanLab', 0.2, 'Real', 5000, 0]	S	439	934	3066	561	7.9777	0.3197	0.439	0.37	
['ClinVarReal', 'CleanLab', 0.2, 'Real', 5000, 1]	S	419	932	3068	581	7.9833	0.3101	0.419	0.3564	
['ClinVarReal', 'CleanLab', 0.2, 'Real', 5000, 2]	S	444	938	3062	556	7.98	0.3213	0.444	0.3728	
['ClinVarReal', 'CleanLab', 0.2, 'Real', 5000, 3]	S	414	847	3153	586	8.0176	0.3283	0.414	0.3662	
['ClinVarReal', 'CleanLab', 0.2, 'Real', 5000, 4]	S	414	883	3117	586	8.0127	0.3192	0.414	0.3605	
['ClinVarReal', 'CleanLab', 0.6, 'Real', 5000, 0]	S	386	390	1610	2614	8.129	0.4974	0.1287	0.2044	
['ClinVarReal', 'CleanLab', 0.6, 'Real', 5000, 1]	S	476	341	1659	2524	8.2597	0.5826	0.1587	0.2494	
['ClinVarReal', 'CleanLab', 0.6, 'Real', 5000, 2]	S	434	441	1559	2566	8.0463	0.496	0.1447	0.224	
['ClinVarReal', 'CleanLab', 0.6, 'Real', 5000, 3]	S	445	356	1644	2555	8.1231	0.5556	0.1483	0.2341	
['ClinVarReal', 'CleanLab', 0.6, 'Real', 5000, 4]	S	440	344	1656	2560	8.135	0.5612	0.1467	0.2326	
['ClinVarReal', 'CleanLab', 0.5, 'Real', 5000, 0]	S	504	400	2100	1996	8.1461	0.5575	0.2016	0.2961	
['ClinVarReal', 'CleanLab', 0.5, 'Real', 5000, 1]	S	467	446	2054	2033	8.1424	0.5115	0.1868	0.2737	
['ClinVarReal', 'CleanLab', 0.5, 'Real', 5000, 2]	S	488	430	2070	2012	8.1227	0.5316	0.1952	0.2855	
['ClinVarReal', 'CleanLab', 0.5, 'Real', 5000, 3]	S	492	482	2018	2008	8.0825	0.5051	0.1968	0.2832	
['ClinVarReal', 'CleanLab', 0.5, 'Real', 5000, 4]	S	479	435	2065	2021	8.1111	0.5241	0.1916	0.2806	
['ClinVarReal', 'CleanLab', 0.05, 'Real', 5000, 0]	S	131	1190	3560	119	10.7709	0.0992	0.524	0.1668	
['ClinVarReal', 'CleanLab', 0.05, 'Real', 5000, 1]	S	113	1099	3651	137	10.6226	0.0932	0.452	0.1546	
['ClinVarReal', 'CleanLab', 0.05, 'Real', 5000, 2]	S	111	1173	3577	139	10.6335	0.0864	0.444	0.1447	
['ClinVarReal', 'CleanLab', 0.05, 'Real', 5000, 3]	S	108	1091	3659	142	10.6521	0.0901	0.432	0.1491	
['ClinVarReal', 'CleanLab', 0.05, 'Real', 5000, 4]	S	137	1088	3662	113	10.6374	0.1118	0.548	0.1858	
['ClinVarReal', 'CleanLab', 0.9, 'Real', 3000, 0]	S	471	124	176	2229	5.1645	0.7916	0.1744	0.2859	
['ClinVarReal', 'CleanLab', 0.9, 'Real', 3000, 1]	S	450	148	152	2250	5.2002	0.7525	0.1667	0.2729	
['ClinVarReal', 'CleanLab', 0.9, 'Real', 3000, 2]	S	426	127	173	2274	5.1571	0.7703	0.1578	0.2619	
['ClinVarReal', 'CleanLab', 0.9, 'Real', 3000, 3]	S	423	129	171	2277	5.1032	0.7663	0.1567	0.2601	
['ClinVarReal', 'CleanLab', 0.9, 'Real', 3000, 4]	S	453	133	167	2247	5.208	0.773	0.1678	0.2757	
['ClinVarReal', 'CleanLab', 0.3, 'Real', 5000, 0]	S	497	746	2754	1003	8.0456	0.3998	0.3313	0.3624	
['ClinVarReal', 'CleanLab', 0.3, 'Real', 5000, 1]	S	557	726	2774	943	8.0632	0.4341	0.3713	0.4003	
['ClinVarReal', 'CleanLab', 0.3, 'Real', 5000, 2]	S	540	751	2749	960	8.0607	0.4183	0.36	0.387	
['ClinVarReal', 'CleanLab', 0.3, 'Real', 5000, 3]	S	545	734	2766	955	8.1012	0.4261	0.3633	0.3922	
['ClinVarReal', 'CleanLab', 0.3, 'Real', 5000, 4]	S	500	776	2724	1000	8.0392	0.3918	0.3333	0.3602	
['ClinVarReal', 'CleanLab', 0.7, 'Real', 5000, 0]	S	431	399	1101	3069	8.0036	0.5193	0.1231	0.1991	
['ClinVarReal', 'CleanLab', 0.7, 'Real', 5000, 1]	S	493	420	1080	3007	7.9988	0.54	0.1409	0.2234	
['ClinVarReal', 'CleanLab', 0.7, 'Real', 5000, 2]	S	476	349	1151	3024	7.9905	0.577	0.136	0.2201	
['ClinVarReal', 'CleanLab', 0.7, 'Real', 5000, 3]	S	501	441	1059	2999	8.025	0.5318	0.1431	0.2256	
['ClinVarReal', 'CleanLab', 0.7, 'Real', 5000, 4]	S	508	420	1080	2992	8.0173	0.5474	0.1451	0.2294	
['ClinVarReal', 'CleanLab', 0.4, 'Real', 5000, 0]	S	572	597	2403	1428	8.0067	0.4893	0.286	0.361	
['ClinVarReal', 'CleanLab', 0.4, 'Real', 5000, 1]	S	576	557	2443	1424	8.0741	0.5084	0.288	0.3677	
['ClinVarReal', 'CleanLab', 0.4, 'Real', 5000, 2]	S	575	611	2389	1425	8.0728	0.4848	0.2875	0.361	
['ClinVarReal', 'CleanLab', 0.4, 'Real', 5000, 3]	S	440	568	2432	1560	8.035	0.4365	0.22	0.2926	
['ClinVarReal', 'CleanLab', 0.4, 'Real', 5000, 4]	S	481	549	2451	1519	8.0305	0.467	0.2405	0.3175	
['ClinVarReal', 'CleanLab', 0.05, 'Real', 5000, 0]	S	110	1157	3593	140	8.263	0.0868	0.44	0.145	
['ClinVarReal', 'CleanLab', 0.05, 'Real', 5000, 1]	S	116	1183	3567	134	8.3618	0.0893	0.464	0.1498	
['ClinVarReal', 'CleanLab', 0.05, 'Real', 5000, 2]	S	118	1179	3571	132	8.2656	0.091	0.472	0.1526	
['ClinVarReal', 'CleanLab', 0.6, 'Real', 5000, 0]	S	452	375	1625	2548	11.9728	0.5466	0.1507	0.2362	
['ClinVarReal', 'CleanLab', 0.6, 'Real', 5000, 1]	S	457	404	1596	2543	11.9455	0.5308	0.1523	0.2367	
['ClinVarReal', 'CleanLab', 0.6, 'Real', 5000, 2]	S	433	378	1622	2567	11.8913	0.5339	0.1443	0.2272	
['ClinVarReal', 'CleanLab', 0.9, 'Real', 3000, 0]	S	441	130	170	2259	6.6577	0.7723	0.1633	0.2696	
['ClinVarReal', 'CleanLab', 0.9, 'Real', 3000, 1]	S	440	135	165	2260	6.6307	0.7652	0.163	0.2687	
['ClinVarReal', 'CleanLab', 0.9, 'Real', 3000, 2]	S	433	122	178	2267	6.6138	0.7802	0.1604	0.2661	
['ClinVarReal', 'CleanLab', 0.2, 'Real', 5000, 0]	S	397	929	3071	603	8.2265	0.2994	0.397	0.3414	
['ClinVarReal', 'CleanLab', 0.2, 'Real', 5000, 1]	S	407	865	3135	593	8.3854	0.32	0.407	0.3583	
['ClinVarReal', 'CleanLab', 0.2, 'Real', 5000, 2]	S	385	895	3105	615	8.3783	0.3008	0.385	0.3377	
['ClinVarReal', 'CleanLab', 0.1, 'Real', 5000, 0]	S	220	1036	3464	280	8.1485	0.1752	0.44	0.2506	
['ClinVarReal', 'CleanLab', 0.1, 'Real', 5000, 1]	S	226	1098	3402	274	8.0653	0.1707	0.452	0.2478	
['ClinVarReal', 'CleanLab', 0.1, 'Real', 5000, 2]	S	241	1044	3456	259	8.1281	0.1875	0.482	0.27	
['ClinVarReal', 'CleanLab', 0.3, 'Real', 5000, 0]	S	541	747	2753	959	11.9185	0.42	0.3607	0.3881	
['ClinVarReal', 'CleanLab', 0.3, 'Real', 5000, 1]	S	469	732	2768	1031	11.8567	0.3905	0.3127	0.3473	
['ClinVarReal', 'CleanLab', 0.3, 'Real', 5000, 2]	S	512	741	2759	988	11.8542	0.4086	0.3413	0.372	
['ClinVarReal', 'CleanLab', 0.4, 'Real', 5000, 0]	S	536	545	2455	1464	11.8381	0.4958	0.268	0.3479	
['ClinVarReal', 'CleanLab', 0.4, 'Real', 5000, 1]	S	515	598	2402	1485	11.7808	0.4627	0.2575	0.3309	
['ClinVarReal', 'CleanLab', 0.4, 'Real', 5000, 2]	S	481	524	2476	1519	11.872	0.4786	0.2405	0.3201	
['ClinVarReal', 'CleanLab', 0.7, 'Real', 5000, 0]	S	485	400	1100	3015	12.0994	0.548	0.1386	0.2212	
['ClinVarReal', 'CleanLab', 0.7, 'Real', 5000, 1]	S	531	343	1157	2969	12.0495	0.6076	0.1517	0.2428	
['ClinVarReal', 'CleanLab', 0.7, 'Real', 5000, 2]	S	485	388	1112	3015	12.0352	0.5556	0.1386	0.2218	
['ClinVarReal', 'CleanLab', 0.5, 'Real', 5000, 0]	S	416	430	2070	2084	11.9558	0.4917	0.1664	0.2487	
['ClinVarReal', 'CleanLab', 0.5, 'Real', 5000, 1]	S	447	443	2057	2053	11.9657	0.5022	0.1788	0.2637	
['ClinVarReal', 'CleanLab', 0.5, 'Real', 5000, 2]	S	425	424	2076	2075	12.0892	0.5006	0.17	0.2538	
['ClinVarReal', 'CleanLab', 0.4, 'Real', 10000, 0]	S	1025	1035	4965	2975	23.7654	0.4976	0.2562	0.3383	
['ClinVarReal', 'CleanLab', 0.4, 'Real', 10000, 1]	S	997	1140	4860	3003	23.5849	0.4665	0.2492	0.3249	
['ClinVarReal', 'CleanLab', 0.4, 'Real', 10000, 2]	S	1117	1157	4843	2883	24.0286	0.4912	0.2792	0.3561	
['ClinVarReal', 'CleanLab', 0.7, 'Real', 10000, 0]	S	924	776	2224	6076	15.1006	0.5435	0.132	0.2124	
['ClinVarReal', 'CleanLab', 0.7, 'Real', 10000, 1]	S	915	726	2274	6085	15.0704	0.5576	0.1307	0.2118	
['ClinVarReal', 'CleanLab', 0.7, 'Real', 10000, 2]	S	972	760	2240	6028	14.9519	0.5612	0.1389	0.2226	
['ClinVarReal', 'CleanLab', 0.8, 'Real', 10000, 0]	S	1150	737	1263	6850	15.7515	0.6094	0.1438	0.2326	
['ClinVarReal', 'CleanLab', 0.8, 'Real', 10000, 1]	S	1216	757	1243	6784	15.5414	0.6163	0.152	0.2439	
['ClinVarReal', 'CleanLab', 0.8, 'Real', 10000, 2]	S	1224	713	1287	6776	15.5862	0.6319	0.153	0.2464	
['ClinVarReal', 'CleanLab', 0.9, 'Real', 10000, 0]	S	1529	417	583	7471	22.829	0.7857	0.1699	0.2794	
['ClinVarReal', 'CleanLab', 0.9, 'Real', 10000, 1]	S	1504	437	563	7496	22.7734	0.7749	0.1671	0.2749	
['ClinVarReal', 'CleanLab', 0.9, 'Real', 10000, 2]	S	1492	449	551	7508	22.8446	0.7687	0.1658	0.2727	
['ClinVarReal', 'CleanLab', 0.2, 'Real', 10000, 0]	S	808	1743	6257	1192	15.5499	0.3167	0.404	0.3551	
['ClinVarReal', 'CleanLab', 0.2, 'Real', 10000, 1]	S	828	1780	6220	1172	15.7318	0.3175	0.414	0.3594	
['ClinVarReal', 'CleanLab', 0.2, 'Real', 10000, 2]	S	847	1749	6251	1153	15.5895	0.3263	0.4235	0.3686	
['ClinVarReal', 'CleanLab', 0.1, 'Real', 10000, 0]	S	454	2079	6921	546	15.0832	0.1792	0.454	0.257	
['ClinVarReal', 'CleanLab', 0.1, 'Real', 10000, 1]	S	425	2017	6983	575	15.1297	0.174	0.425	0.2469	
['ClinVarReal', 'CleanLab', 0.1, 'Real', 10000, 2]	S	451	2137	6863	549	15.181	0.1743	0.451	0.2514	
['ClinVarReal', 'CleanLab', 0.05, 'Real', 10000, 0]	S	212	2175	7325	288	15.5569	0.0888	0.424	0.1469	
['ClinVarReal', 'CleanLab', 0.05, 'Real', 10000, 1]	S	235	2181	7319	265	15.6681	0.0973	0.47	0.1612	
['ClinVarReal', 'CleanLab', 0.05, 'Real', 10000, 2]	S	225	2229	7271	275	15.556	0.0917	0.45	0.1523	
['ClinVarReal', 'CleanLab', 0.5, 'Real', 10000, 0]	S	1019	911	4089	3981	15.6273	0.528	0.2038	0.2941	
['ClinVarReal', 'CleanLab', 0.5, 'Real', 10000, 1]	S	893	829	4171	4107	15.5777	0.5186	0.1786	0.2657	
['ClinVarReal', 'CleanLab', 0.5, 'Real', 10000, 2]	S	1041	913	4087	3959	15.5712	0.5328	0.2082	0.2994	
['ClinVarReal', 'CleanLab', 0.6, 'Real', 10000, 0]	S	861	738	3262	5139	15.3867	0.5385	0.1435	0.2266	
['ClinVarReal', 'CleanLab', 0.6, 'Real', 10000, 1]	S	831	757	3243	5169	15.3875	0.5233	0.1385	0.219	
['ClinVarReal', 'CleanLab', 0.6, 'Real', 10000, 2]	S	887	701	3299	5113	15.4457	0.5586	0.1478	0.2338	
['ClinVarReal', 'CleanLab', 0.3, 'Real', 10000, 0]	S	1171	1543	5457	1829	15.4606	0.4315	0.3903	0.4099	
['ClinVarReal', 'CleanLab', 0.3, 'Real', 10000, 1]	S	1203	1534	5466	1797	15.4385	0.4395	0.401	0.4194	
['ClinVarReal', 'CleanLab', 0.3, 'Real', 10000, 2]	S	993	1410	5590	2007	15.3926	0.4132	0.331	0.3676	
['ClinVarReal', 'CleanLab', 0.4, 'Real', 10000, 0]	S	1086	1107	4893	2914	15.8151	0.4952	0.2715	0.3507	
['ClinVarReal', 'CleanLab', 0.4, 'Real', 10000, 1]	S	1027	1080	4920	2973	15.469	0.4874	0.2568	0.3363	
['ClinVarReal', 'CleanLab', 0.4, 'Real', 10000, 2]	S	923	1173	4827	3077	15.5163	0.4404	0.2308	0.3028	
['ClinVarReal', 'CleanLab', 0.4, 'Real', 10000, 3]	S	1168	1184	4816	2832	15.4903	0.4966	0.292	0.3678	
['ClinVarReal', 'CleanLab', 0.4, 'Real', 10000, 4]	S	991	1101	4899	3009	15.5556	0.4737	0.2478	0.3253	
['ClinVarReal', 'CleanLab', 0.05, 'Real', 10000, 0]	S	233	2306	7194	267	15.812	0.0918	0.466	0.1533	
['ClinVarReal', 'CleanLab', 0.05, 'Real', 10000, 1]	S	224	2229	7271	276	15.8254	0.0913	0.448	0.1517	
['ClinVarReal', 'CleanLab', 0.05, 'Real', 10000, 2]	S	231	2292	7208	269	16.8779	0.0916	0.462	0.1528	
['ClinVarReal', 'CleanLab', 0.05, 'Real', 10000, 3]	S	230	2293	7207	270	17.2864	0.0912	0.46	0.1522	
['ClinVarReal', 'CleanLab', 0.05, 'Real', 10000, 4]	S	221	2239	7261	279	17.3259	0.0898	0.442	0.1493	
['ClinVarReal', 'CleanLab', 0.1, 'Real', 10000, 0]	S	433	2092	6908	567	15.6098	0.1715	0.433	0.2457	
['ClinVarReal', 'CleanLab', 0.1, 'Real', 10000, 1]	S	474	2154	6846	526	15.6932	0.1804	0.474	0.2613	
['ClinVarReal', 'CleanLab', 0.1, 'Real', 10000, 2]	S	456	2127	6873	544	15.6914	0.1765	0.456	0.2545	
['ClinVarReal', 'CleanLab', 0.1, 'Real', 10000, 3]	S	448	2100	6900	552	15.6356	0.1758	0.448	0.2525	
['ClinVarReal', 'CleanLab', 0.1, 'Real', 10000, 4]	S	451	2130	6870	549	15.784	0.1747	0.451	0.2519	
['ClinVarReal', 'CleanLab', 0.3, 'Real', 10000, 0]	S	1103	1412	5588	1897	16.771	0.4386	0.3677	0.4	
['ClinVarReal', 'CleanLab', 0.3, 'Real', 10000, 1]	S	1067	1469	5531	1933	17.22	0.4207	0.3557	0.3855	
['ClinVarReal', 'CleanLab', 0.3, 'Real', 10000, 2]	S	998	1411	5589	2002	17.2187	0.4143	0.3327	0.369	
['ClinVarReal', 'CleanLab', 0.3, 'Real', 10000, 3]	S	1231	1593	5407	1769	16.5404	0.4359	0.4103	0.4227	
['ClinVarReal', 'CleanLab', 0.3, 'Real', 10000, 4]	S	1171	1488	5512	1829	16.506	0.4404	0.3903	0.4139	
['ClinVarReal', 'CleanLab', 0.5, 'Real', 10000, 0]	S	958	839	4161	4042	17.0283	0.5331	0.1916	0.2819	
['ClinVarReal', 'CleanLab', 0.5, 'Real', 10000, 1]	S	1010	901	4099	3990	17.2063	0.5285	0.202	0.2923	
['ClinVarReal', 'CleanLab', 0.5, 'Real', 10000, 2]	S	903	868	4132	4097	16.7555	0.5099	0.1806	0.2667	
['ClinVarReal', 'CleanLab', 0.5, 'Real', 10000, 3]	S	868	833	4167	4132	16.3657	0.5103	0.1736	0.2591	
['ClinVarReal', 'CleanLab', 0.5, 'Real', 10000, 4]	S	899	867	4133	4101	16.1385	0.5091	0.1798	0.2657	
['ClinVarReal', 'CleanLab', 0.6, 'Real', 10000, 0]	S	869	721	3279	5131	16.5623	0.5465	0.1448	0.229	
['ClinVarReal', 'CleanLab', 0.6, 'Real', 10000, 1]	S	877	750	3250	5123	17.0135	0.539	0.1462	0.23	
['ClinVarReal', 'CleanLab', 0.6, 'Real', 10000, 2]	S	883	746	3254	5117	16.9346	0.5421	0.1472	0.2315	
['ClinVarReal', 'CleanLab', 0.6, 'Real', 10000, 3]	S	902	690	3310	5098	17.2868	0.5666	0.1503	0.2376	
['ClinVarReal', 'CleanLab', 0.6, 'Real', 10000, 4]	S	861	674	3326	5139	17.0453	0.5609	0.1435	0.2285	
['ClinVarReal', 'CleanLab', 0.7, 'Real', 10000, 0]	S	965	753	2247	6035	16.4474	0.5617	0.1379	0.2214	
['ClinVarReal', 'CleanLab', 0.7, 'Real', 10000, 1]	S	1026	756	2244	5974	16.3956	0.5758	0.1466	0.2337	
['ClinVarReal', 'CleanLab', 0.7, 'Real', 10000, 2]	S	927	702	2298	6073	16.5415	0.5691	0.1324	0.2149	
['ClinVarReal', 'CleanLab', 0.7, 'Real', 10000, 3]	S	1006	838	2162	5994	16.3711	0.5456	0.1437	0.2275	
['ClinVarReal', 'CleanLab', 0.7, 'Real', 10000, 4]	S	961	734	2266	6039	16.1244	0.567	0.1373	0.221	
['ClinVarReal', 'CleanLab', 0.8, 'Real', 10000, 0]	S	1237	747	1253	6763	15.9988	0.6235	0.1546	0.2478	
['ClinVarReal', 'CleanLab', 0.8, 'Real', 10000, 1]	S	1113	696	1304	6887	16.321	0.6153	0.1391	0.2269	
['ClinVarReal', 'CleanLab', 0.8, 'Real', 10000, 2]	S	1167	683	1317	6833	16.6703	0.6308	0.1459	0.237	
['ClinVarReal', 'CleanLab', 0.8, 'Real', 10000, 3]	S	1224	718	1282	6776	16.3392	0.6303	0.153	0.2462	
['ClinVarReal', 'CleanLab', 0.8, 'Real', 10000, 4]	S	1218	726	1274	6782	16.455	0.6265	0.1522	0.245	
['ClinVarReal', 'CleanLab', 0.9, 'Real', 10000, 0]	S	1445	418	582	7555	15.6867	0.7756	0.1606	0.266	
['ClinVarReal', 'CleanLab', 0.9, 'Real', 10000, 1]	S	1487	435	565	7513	15.6304	0.7737	0.1652	0.2723	
['ClinVarReal', 'CleanLab', 0.9, 'Real', 10000, 2]	S	1436	441	559	7564	16.0758	0.7651	0.1596	0.264	
['ClinVarReal', 'CleanLab', 0.9, 'Real', 10000, 3]	S	1408	420	580	7592	15.8191	0.7702	0.1564	0.2601	
['ClinVarReal', 'CleanLab', 0.9, 'Real', 10000, 4]	S	1464	414	586	7536	15.6493	0.7796	0.1627	0.2692	
['ClinVarReal', 'CleanLab', 0.2, 'Real', 10000, 0]	S	815	1777	6223	1185	23.6535	0.3144	0.4075	0.355	
['ClinVarReal', 'CleanLab', 0.2, 'Real', 10000, 1]	S	836	1726	6274	1164	23.7709	0.3263	0.418	0.3665	
['ClinVarReal', 'CleanLab', 0.2, 'Real', 10000, 2]	S	868	1775	6225	1132	23.5785	0.3284	0.434	0.3739	
['ClinVarReal', 'CleanLab', 0.2, 'Real', 10000, 3]	S	874	1834	6166	1126	23.4179	0.3227	0.437	0.3713	
['ClinVarReal', 'CleanLab', 0.2, 'Real', 10000, 4]	S	851	1696	6304	1149	23.7453	0.3341	0.4255	0.3743	
