['EncodeArt', 'CleanLab', 0.4, 'Sym', 10000, 0]	S	3996	4	5996	4	0.504	0.999	0.999	0.999	
['EncodeArt', 'CleanLab', 0.4, 'Sym', 10000, 1]	S	3996	1	5999	4	0.4846	0.9997	0.999	0.9994	
['EncodeArt', 'CleanLab', 0.4, 'Sym', 10000, 2]	S	3999	0	6000	1	0.4908	1.0	0.9998	0.9999	
['EncodeArt', 'CleanLab', 0.4, 'Sym', 10000, 3]	S	3960	6	5994	40	0.5257	0.9985	0.99	0.9942	
['EncodeArt', 'CleanLab', 0.4, 'Sym', 10000, 4]	S	3998	3	5997	2	0.4772	0.9993	0.9995	0.9994	
['EncodeArt', 'CleanLab', 0.05, 'Sym', 10000, 0]	S	445	1	9499	55	0.3756	0.9978	0.89	0.9408	
['EncodeArt', 'CleanLab', 0.05, 'Sym', 10000, 1]	S	459	0	9500	41	0.5432	1.0	0.918	0.9572	
['EncodeArt', 'CleanLab', 0.05, 'Sym', 10000, 2]	S	452	1	9499	48	0.4522	0.9978	0.904	0.9486	
['EncodeArt', 'CleanLab', 0.05, 'Sym', 10000, 3]	S	442	0	9500	58	0.5905	1.0	0.884	0.9384	
['EncodeArt', 'CleanLab', 0.05, 'Sym', 10000, 4]	S	438	0	9500	62	0.5515	1.0	0.876	0.9339	
['EncodeArt', 'CleanLab', 0.4, 'Asym', 10000, 0]	S	3969	19	5981	31	0.2379	0.9952	0.9922	0.9937	
['EncodeArt', 'CleanLab', 0.4, 'Asym', 10000, 1]	S	4000	1	5999	0	0.2163	0.9998	1.0	0.9999	
['EncodeArt', 'CleanLab', 0.4, 'Asym', 10000, 2]	S	3996	2	5998	4	0.2173	0.9995	0.999	0.9992	
['EncodeArt', 'CleanLab', 0.4, 'Asym', 10000, 3]	S	3999	2	5998	1	0.2168	0.9995	0.9998	0.9996	
['EncodeArt', 'CleanLab', 0.4, 'Asym', 10000, 4]	S	3986	2	5998	14	0.2495	0.9995	0.9965	0.998	
['EncodeArt', 'CleanLab', 0.7, 'Asym', 10000, 0]	S	1	2922	78	6999	0.2185	0.0003	0.0001	0.0002	
['EncodeArt', 'CleanLab', 0.7, 'Asym', 10000, 1]	S	0	2924	76	7000	0.2484	0.0	0.0	0.0	
['EncodeArt', 'CleanLab', 0.7, 'Asym', 10000, 2]	S	1	2924	76	6999	0.2471	0.0003	0.0001	0.0002	
['EncodeArt', 'CleanLab', 0.7, 'Asym', 10000, 3]	S	1	2919	81	6999	0.2203	0.0003	0.0001	0.0002	
['EncodeArt', 'CleanLab', 0.7, 'Asym', 10000, 4]	S	1	2934	66	6999	0.222	0.0003	0.0001	0.0002	
['EncodeArt', 'CleanLab', 0.05, 'Asym', 10000, 0]	S	431	0	9500	69	0.4547	1.0	0.862	0.9259	
['EncodeArt', 'CleanLab', 0.05, 'Asym', 10000, 1]	S	449	0	9500	51	0.491	1.0	0.898	0.9463	
['EncodeArt', 'CleanLab', 0.05, 'Asym', 10000, 2]	S	453	0	9500	47	0.5698	1.0	0.906	0.9507	
['EncodeArt', 'CleanLab', 0.05, 'Asym', 10000, 3]	S	452	0	9500	48	0.4256	1.0	0.904	0.9496	
['EncodeArt', 'CleanLab', 0.05, 'Asym', 10000, 4]	S	452	0	9500	48	0.4548	1.0	0.904	0.9496	
['EncodeArt', 'CleanLab', 0.5, 'Sym', 100, 0]	S	17	12	38	33	0.1035	0.5862	0.34	0.4304	
['EncodeArt', 'CleanLab', 0.5, 'Sym', 100, 1]	S	41	3	47	9	0.0729	0.9318	0.82	0.8723	
['EncodeArt', 'CleanLab', 0.5, 'Sym', 100, 2]	S	13	12	38	37	0.0924	0.52	0.26	0.3467	
['EncodeArt', 'CleanLab', 0.5, 'Sym', 100, 3]	S	26	11	39	24	0.091	0.7027	0.52	0.5977	
['EncodeArt', 'CleanLab', 0.5, 'Sym', 100, 4]	S	30	8	42	20	0.0935	0.7895	0.6	0.6818	
['EncodeArt', 'CleanLab', 0.5, 'Asym', 100, 0]	S	30	12	38	20	0.0678	0.7143	0.6	0.6522	
['EncodeArt', 'CleanLab', 0.5, 'Asym', 100, 1]	S	7	31	19	43	0.0599	0.1842	0.14	0.1591	
['EncodeArt', 'CleanLab', 0.5, 'Asym', 100, 2]	S	30	12	38	20	0.0749	0.7143	0.6	0.6522	
['EncodeArt', 'CleanLab', 0.5, 'Asym', 100, 3]	S	19	17	33	31	0.1048	0.5278	0.38	0.4419	
['EncodeArt', 'CleanLab', 0.5, 'Asym', 100, 4]	S	23	31	19	27	0.1025	0.4259	0.46	0.4423	
['EncodeArt', 'CleanLab', 0.1, 'Sym', 100, 0]	S	10	0	90	0	0.0428	1.0	1.0	1.0	
['EncodeArt', 'CleanLab', 0.1, 'Sym', 100, 1]	S	9	0	90	1	0.0489	1.0	0.9	0.9474	
['EncodeArt', 'CleanLab', 0.1, 'Sym', 100, 2]	S	8	0	90	2	0.0421	1.0	0.8	0.8889	
['EncodeArt', 'CleanLab', 0.1, 'Sym', 100, 3]	S	8	1	89	2	0.0538	0.8889	0.8	0.8421	
['EncodeArt', 'CleanLab', 0.1, 'Sym', 100, 4]	S	10	0	90	0	0.0426	1.0	1.0	1.0	
['EncodeArt', 'CleanLab', 0.1, 'Asym', 100, 0]	S	8	1	89	2	0.1095	0.8889	0.8	0.8421	
['EncodeArt', 'CleanLab', 0.1, 'Asym', 100, 1]	S	7	1	89	3	0.0917	0.875	0.7	0.7778	
['EncodeArt', 'CleanLab', 0.1, 'Asym', 100, 2]	S	10	1	89	0	0.0887	0.9091	1.0	0.9524	
['EncodeArt', 'CleanLab', 0.1, 'Asym', 100, 3]	S	10	0	90	0	0.1034	1.0	1.0	1.0	
['EncodeArt', 'CleanLab', 0.1, 'Asym', 100, 4]	S	10	1	89	0	0.0916	0.9091	1.0	0.9524	
['EncodeArt', 'CleanLab', 0.1, 'Asym', 300, 0]	S	26	1	269	4	0.1208	0.963	0.8667	0.9123	
['EncodeArt', 'CleanLab', 0.1, 'Asym', 300, 1]	S	23	0	270	7	0.1183	1.0	0.7667	0.8679	
['EncodeArt', 'CleanLab', 0.1, 'Asym', 300, 2]	S	27	1	269	3	0.1094	0.9643	0.9	0.931	
['EncodeArt', 'CleanLab', 0.1, 'Asym', 300, 3]	S	28	0	270	2	0.1027	1.0	0.9333	0.9655	
['EncodeArt', 'CleanLab', 0.1, 'Asym', 300, 4]	S	25	2	268	5	0.1224	0.9259	0.8333	0.8772	
['EncodeArt', 'CleanLab', 0.5, 'Asym', 300, 0]	S	89	65	85	61	0.0981	0.5779	0.5933	0.5855	
['EncodeArt', 'CleanLab', 0.5, 'Asym', 300, 1]	S	27	54	96	123	0.0703	0.3333	0.18	0.2338	
['EncodeArt', 'CleanLab', 0.5, 'Asym', 300, 2]	S	50	105	45	100	0.0903	0.3226	0.3333	0.3279	
['EncodeArt', 'CleanLab', 0.5, 'Asym', 300, 3]	S	52	41	109	98	0.098	0.5591	0.3467	0.428	
['EncodeArt', 'CleanLab', 0.5, 'Asym', 300, 4]	S	48	38	112	102	0.0792	0.5581	0.32	0.4068	
['EncodeArt', 'CleanLab', 0.1, 'Sym', 300, 0]	S	27	0	270	3	0.0756	1.0	0.9	0.9474	
['EncodeArt', 'CleanLab', 0.1, 'Sym', 300, 1]	S	24	0	270	6	0.068	1.0	0.8	0.8889	
['EncodeArt', 'CleanLab', 0.1, 'Sym', 300, 2]	S	29	0	270	1	0.0431	1.0	0.9667	0.9831	
['EncodeArt', 'CleanLab', 0.1, 'Sym', 300, 3]	S	29	0	270	1	0.0715	1.0	0.9667	0.9831	
['EncodeArt', 'CleanLab', 0.1, 'Sym', 300, 4]	S	27	3	267	3	0.0558	0.9	0.9	0.9	
['EncodeArt', 'CleanLab', 0.5, 'Asym', 500, 0]	S	163	83	167	87	0.0741	0.6626	0.652	0.6573	
['EncodeArt', 'CleanLab', 0.5, 'Asym', 500, 1]	S	73	65	185	177	0.0665	0.529	0.292	0.3763	
['EncodeArt', 'CleanLab', 0.5, 'Asym', 500, 2]	S	84	178	72	166	0.0651	0.3206	0.336	0.3281	
['EncodeArt', 'CleanLab', 0.5, 'Asym', 500, 3]	S	92	40	210	158	0.0624	0.697	0.368	0.4817	
['EncodeArt', 'CleanLab', 0.5, 'Asym', 500, 4]	S	174	69	181	76	0.0665	0.716	0.696	0.7059	
['EncodeArt', 'CleanLab', 0.5, 'Sym', 300, 0]	S	66	95	55	84	0.0585	0.4099	0.44	0.4244	
['EncodeArt', 'CleanLab', 0.5, 'Sym', 300, 1]	S	83	65	85	67	0.0527	0.5608	0.5533	0.557	
['EncodeArt', 'CleanLab', 0.5, 'Sym', 300, 2]	S	41	92	58	109	0.048	0.3083	0.2733	0.2898	
['EncodeArt', 'CleanLab', 0.5, 'Sym', 300, 3]	S	104	41	109	46	0.046	0.7172	0.6933	0.7051	
['EncodeArt', 'CleanLab', 0.5, 'Sym', 300, 4]	S	75	51	99	75	0.0471	0.5952	0.5	0.5435	
['EncodeArt', 'CleanLab', 0.1, 'Sym', 1000, 0]	S	87	0	900	13	0.0993	1.0	0.87	0.9305	
['EncodeArt', 'CleanLab', 0.1, 'Sym', 1000, 1]	S	93	0	900	7	0.09	1.0	0.93	0.9637	
['EncodeArt', 'CleanLab', 0.1, 'Sym', 1000, 2]	S	94	0	900	6	0.0725	1.0	0.94	0.9691	
['EncodeArt', 'CleanLab', 0.1, 'Sym', 1000, 3]	S	91	0	900	9	0.0973	1.0	0.91	0.9529	
['EncodeArt', 'CleanLab', 0.1, 'Sym', 1000, 4]	S	92	0	900	8	0.0796	1.0	0.92	0.9583	
['EncodeArt', 'CleanLab', 0.5, 'Sym', 500, 0]	S	104	165	85	146	0.1169	0.3866	0.416	0.4008	
['EncodeArt', 'CleanLab', 0.5, 'Sym', 500, 1]	S	115	150	100	135	0.0908	0.434	0.46	0.4466	
['EncodeArt', 'CleanLab', 0.5, 'Sym', 500, 2]	S	166	52	198	84	0.0861	0.7615	0.664	0.7094	
['EncodeArt', 'CleanLab', 0.5, 'Sym', 500, 3]	S	164	109	141	86	0.1184	0.6007	0.656	0.6272	
['EncodeArt', 'CleanLab', 0.5, 'Sym', 500, 4]	S	76	82	168	174	0.0781	0.481	0.304	0.3725	
['EncodeArt', 'CleanLab', 0.5, 'Sym', 1000, 0]	S	166	205	295	334	0.1142	0.4474	0.332	0.3812	
['EncodeArt', 'CleanLab', 0.5, 'Sym', 1000, 1]	S	183	181	319	317	0.1035	0.5027	0.366	0.4236	
['EncodeArt', 'CleanLab', 0.5, 'Sym', 1000, 2]	S	122	175	325	378	0.1172	0.4108	0.244	0.3061	
['EncodeArt', 'CleanLab', 0.5, 'Sym', 1000, 3]	S	117	296	204	383	0.1187	0.2833	0.234	0.2563	
['EncodeArt', 'CleanLab', 0.5, 'Sym', 1000, 4]	S	88	379	121	412	0.127	0.1884	0.176	0.182	
['EncodeArt', 'CleanLab', 0.1, 'Sym', 500, 0]	S	38	0	450	12	0.0757	1.0	0.76	0.8636	
['EncodeArt', 'CleanLab', 0.1, 'Sym', 500, 1]	S	44	1	449	6	0.1252	0.9778	0.88	0.9263	
['EncodeArt', 'CleanLab', 0.1, 'Sym', 500, 2]	S	42	1	449	8	0.1243	0.9767	0.84	0.9032	
['EncodeArt', 'CleanLab', 0.1, 'Sym', 500, 3]	S	49	0	450	1	0.1022	1.0	0.98	0.9899	
['EncodeArt', 'CleanLab', 0.1, 'Sym', 500, 4]	S	44	0	450	6	0.096	1.0	0.88	0.9362	
['EncodeArt', 'CleanLab', 0.1, 'Asym', 1000, 0]	S	95	0	900	5	0.0904	1.0	0.95	0.9744	
['EncodeArt', 'CleanLab', 0.1, 'Asym', 1000, 1]	S	87	0	900	13	0.0917	1.0	0.87	0.9305	
['EncodeArt', 'CleanLab', 0.1, 'Asym', 1000, 2]	S	92	0	900	8	0.0915	1.0	0.92	0.9583	
['EncodeArt', 'CleanLab', 0.1, 'Asym', 1000, 3]	S	93	0	900	7	0.0802	1.0	0.93	0.9637	
['EncodeArt', 'CleanLab', 0.1, 'Asym', 1000, 4]	S	90	0	900	10	0.0702	1.0	0.9	0.9474	
['EncodeArt', 'CleanLab', 0.1, 'Asym', 500, 0]	S	44	0	450	6	0.1086	1.0	0.88	0.9362	
['EncodeArt', 'CleanLab', 0.1, 'Asym', 500, 1]	S	45	1	449	5	0.1014	0.9783	0.9	0.9375	
['EncodeArt', 'CleanLab', 0.1, 'Asym', 500, 2]	S	45	0	450	5	0.1212	1.0	0.9	0.9474	
['EncodeArt', 'CleanLab', 0.1, 'Asym', 500, 3]	S	45	0	450	5	0.1067	1.0	0.9	0.9474	
['EncodeArt', 'CleanLab', 0.1, 'Asym', 500, 4]	S	45	0	450	5	0.1328	1.0	0.9	0.9474	
['EncodeArt', 'CleanLab', 0.5, 'Sym', 3000, 0]	S	437	532	968	1063	0.0802	0.451	0.2913	0.354	
['EncodeArt', 'CleanLab', 0.5, 'Sym', 3000, 1]	S	553	789	711	947	0.0905	0.4121	0.3687	0.3892	
['EncodeArt', 'CleanLab', 0.5, 'Sym', 3000, 2]	S	624	354	1146	876	0.0999	0.638	0.416	0.5036	
['EncodeArt', 'CleanLab', 0.5, 'Sym', 3000, 3]	S	647	495	1005	853	0.0935	0.5665	0.4313	0.4898	
['EncodeArt', 'CleanLab', 0.5, 'Sym', 3000, 4]	S	509	413	1087	991	0.101	0.5521	0.3393	0.4203	
['EncodeArt', 'CleanLab', 0.5, 'Asym', 1000, 0]	S	67	359	141	433	0.0489	0.1573	0.134	0.1447	
['EncodeArt', 'CleanLab', 0.5, 'Asym', 1000, 1]	S	305	204	296	195	0.0614	0.5992	0.61	0.6046	
['EncodeArt', 'CleanLab', 0.5, 'Asym', 1000, 2]	S	165	218	282	335	0.0632	0.4308	0.33	0.3737	
['EncodeArt', 'CleanLab', 0.5, 'Asym', 1000, 3]	S	237	149	351	263	0.0575	0.614	0.474	0.535	
['EncodeArt', 'CleanLab', 0.5, 'Asym', 1000, 4]	S	192	207	293	308	0.0688	0.4812	0.384	0.4271	
['EncodeArt', 'CleanLab', 0.5, 'Asym', 3000, 0]	S	486	813	687	1014	0.214	0.3741	0.324	0.3473	
['EncodeArt', 'CleanLab', 0.5, 'Asym', 3000, 1]	S	544	424	1076	956	0.176	0.562	0.3627	0.4408	
['EncodeArt', 'CleanLab', 0.5, 'Asym', 3000, 2]	S	833	328	1172	667	0.1683	0.7175	0.5553	0.6261	
['EncodeArt', 'CleanLab', 0.5, 'Asym', 3000, 3]	S	292	628	872	1208	0.1712	0.3174	0.1947	0.2413	
['EncodeArt', 'CleanLab', 0.5, 'Asym', 3000, 4]	S	727	462	1038	773	0.1628	0.6114	0.4847	0.5407	
['EncodeArt', 'CleanLab', 0.1, 'Sym', 3000, 0]	S	270	0	2700	30	0.2505	1.0	0.9	0.9474	
['EncodeArt', 'CleanLab', 0.1, 'Sym', 3000, 1]	S	266	0	2700	34	0.2453	1.0	0.8867	0.9399	
['EncodeArt', 'CleanLab', 0.1, 'Sym', 3000, 2]	S	267	0	2700	33	0.1957	1.0	0.89	0.9418	
['EncodeArt', 'CleanLab', 0.1, 'Sym', 3000, 3]	S	265	0	2700	35	0.1876	1.0	0.8833	0.9381	
['EncodeArt', 'CleanLab', 0.1, 'Sym', 3000, 4]	S	269	0	2700	31	0.2076	1.0	0.8967	0.9455	
['EncodeArt', 'CleanLab', 0.1, 'Sym', 5000, 0]	S	453	0	4500	47	0.1396	1.0	0.906	0.9507	
['EncodeArt', 'CleanLab', 0.1, 'Sym', 5000, 1]	S	454	0	4500	46	0.2053	1.0	0.908	0.9518	
['EncodeArt', 'CleanLab', 0.1, 'Sym', 5000, 2]	S	449	1	4499	51	0.1682	0.9978	0.898	0.9453	
['EncodeArt', 'CleanLab', 0.1, 'Sym', 5000, 3]	S	453	0	4500	47	0.2017	1.0	0.906	0.9507	
['EncodeArt', 'CleanLab', 0.1, 'Sym', 5000, 4]	S	452	1	4499	48	0.1752	0.9978	0.904	0.9486	
['EncodeArt', 'CleanLab', 0.5, 'Sym', 5000, 0]	S	294	1894	606	2206	0.2145	0.1344	0.1176	0.1254	
['EncodeArt', 'CleanLab', 0.5, 'Sym', 5000, 1]	S	329	915	1585	2171	0.1969	0.2645	0.1316	0.1757	
['EncodeArt', 'CleanLab', 0.5, 'Sym', 5000, 2]	S	206	655	1845	2294	0.1874	0.2393	0.0824	0.1226	
['EncodeArt', 'CleanLab', 0.5, 'Sym', 5000, 3]	S	564	876	1624	1936	0.2223	0.3917	0.2256	0.2863	
['EncodeArt', 'CleanLab', 0.5, 'Sym', 5000, 4]	S	329	978	1522	2171	0.2136	0.2517	0.1316	0.1728	
['EncodeArt', 'CleanLab', 0.1, 'Asym', 3000, 0]	S	275	0	2700	25	0.1259	1.0	0.9167	0.9565	
['EncodeArt', 'CleanLab', 0.1, 'Asym', 3000, 1]	S	272	1	2699	28	0.0994	0.9963	0.9067	0.9494	
['EncodeArt', 'CleanLab', 0.1, 'Asym', 3000, 2]	S	279	0	2700	21	0.1319	1.0	0.93	0.9637	
['EncodeArt', 'CleanLab', 0.1, 'Asym', 3000, 3]	S	273	1	2699	27	0.1184	0.9964	0.91	0.9512	
['EncodeArt', 'CleanLab', 0.1, 'Asym', 3000, 4]	S	273	0	2700	27	0.1356	1.0	0.91	0.9529	
['EncodeArt', 'CleanLab', 0.5, 'Asym', 5000, 0]	S	1248	1203	1297	1252	0.1444	0.5092	0.4992	0.5041	
['EncodeArt', 'CleanLab', 0.5, 'Asym', 5000, 1]	S	1049	1275	1225	1451	0.1458	0.4514	0.4196	0.4349	
['EncodeArt', 'CleanLab', 0.5, 'Asym', 5000, 2]	S	493	1115	1385	2007	0.1284	0.3066	0.1972	0.24	
['EncodeArt', 'CleanLab', 0.5, 'Asym', 5000, 3]	S	451	1116	1384	2049	0.1286	0.2878	0.1804	0.2218	
['EncodeArt', 'CleanLab', 0.5, 'Asym', 5000, 4]	S	992	718	1782	1508	0.1195	0.5801	0.3968	0.4713	
['EncodeArt', 'CleanLab', 0.1, 'Asym', 5000, 0]	S	455	0	4500	45	0.3446	1.0	0.91	0.9529	
['EncodeArt', 'CleanLab', 0.1, 'Asym', 5000, 1]	S	464	1	4499	36	0.2981	0.9978	0.928	0.9617	
['EncodeArt', 'CleanLab', 0.1, 'Asym', 5000, 2]	S	456	0	4500	44	0.3384	1.0	0.912	0.954	
['EncodeArt', 'CleanLab', 0.1, 'Asym', 5000, 3]	S	453	2	4498	47	0.3222	0.9956	0.906	0.9487	
['EncodeArt', 'CleanLab', 0.1, 'Asym', 5000, 4]	S	463	0	4500	37	0.3486	1.0	0.926	0.9616	
['EncodeArt', 'CleanLab', 0.1, 'Asym', 10000, 0]	S	918	2	8998	82	0.3105	0.9978	0.918	0.9562	
['EncodeArt', 'CleanLab', 0.1, 'Asym', 10000, 1]	S	910	2	8998	90	0.2728	0.9978	0.91	0.9519	
['EncodeArt', 'CleanLab', 0.1, 'Asym', 10000, 2]	S	903	0	9000	97	0.3096	1.0	0.903	0.949	
['EncodeArt', 'CleanLab', 0.1, 'Asym', 10000, 3]	S	923	0	9000	77	0.2983	1.0	0.923	0.96	
['EncodeArt', 'CleanLab', 0.1, 'Asym', 10000, 4]	S	913	0	9000	87	0.3347	1.0	0.913	0.9545	
['EncodeArt', 'CleanLab', 0.2, 'Asym', 100, 0]	S	18	1	79	2	0.063	0.9474	0.9	0.9231	
['EncodeArt', 'CleanLab', 0.2, 'Asym', 100, 1]	S	20	0	80	0	0.0615	1.0	1.0	1.0	
['EncodeArt', 'CleanLab', 0.2, 'Asym', 100, 2]	S	16	2	78	4	0.0653	0.8889	0.8	0.8421	
['EncodeArt', 'CleanLab', 0.2, 'Asym', 100, 3]	S	18	4	76	2	0.0616	0.8182	0.9	0.8571	
['EncodeArt', 'CleanLab', 0.2, 'Asym', 100, 4]	S	19	5	75	1	0.0503	0.7917	0.95	0.8636	
['EncodeArt', 'CleanLab', 0.2, 'Asym', 500, 0]	S	93	0	400	7	0.0839	1.0	0.93	0.9637	
['EncodeArt', 'CleanLab', 0.2, 'Asym', 500, 1]	S	89	3	397	11	0.072	0.9674	0.89	0.9271	
['EncodeArt', 'CleanLab', 0.2, 'Asym', 500, 2]	S	93	0	400	7	0.0607	1.0	0.93	0.9637	
['EncodeArt', 'CleanLab', 0.2, 'Asym', 500, 3]	S	92	2	398	8	0.0581	0.9787	0.92	0.9485	
['EncodeArt', 'CleanLab', 0.2, 'Asym', 500, 4]	S	97	0	400	3	0.0509	1.0	0.97	0.9848	
['EncodeArt', 'CleanLab', 0.2, 'Sym', 500, 0]	S	87	2	398	13	0.0746	0.9775	0.87	0.9206	
['EncodeArt', 'CleanLab', 0.2, 'Sym', 500, 1]	S	91	0	400	9	0.0623	1.0	0.91	0.9529	
['EncodeArt', 'CleanLab', 0.2, 'Sym', 500, 2]	S	92	1	399	8	0.0586	0.9892	0.92	0.9534	
['EncodeArt', 'CleanLab', 0.2, 'Sym', 500, 3]	S	89	0	400	11	0.0552	1.0	0.89	0.9418	
['EncodeArt', 'CleanLab', 0.2, 'Sym', 500, 4]	S	95	0	400	5	0.0645	1.0	0.95	0.9744	
['EncodeArt', 'CleanLab', 0.2, 'Asym', 1000, 0]	S	192	0	800	8	0.1051	1.0	0.96	0.9796	
['EncodeArt', 'CleanLab', 0.2, 'Asym', 1000, 1]	S	191	1	799	9	0.0988	0.9948	0.955	0.9745	
['EncodeArt', 'CleanLab', 0.2, 'Asym', 1000, 2]	S	187	0	800	13	0.074	1.0	0.935	0.9664	
['EncodeArt', 'CleanLab', 0.2, 'Asym', 1000, 3]	S	179	0	800	21	0.0673	1.0	0.895	0.9446	
['EncodeArt', 'CleanLab', 0.2, 'Asym', 1000, 4]	S	185	1	799	15	0.0858	0.9946	0.925	0.9585	
['EncodeArt', 'CleanLab', 0.2, 'Sym', 3000, 0]	S	562	0	2400	38	0.1063	1.0	0.9367	0.9673	
['EncodeArt', 'CleanLab', 0.2, 'Sym', 3000, 1]	S	556	0	2400	44	0.1395	1.0	0.9267	0.9619	
['EncodeArt', 'CleanLab', 0.2, 'Sym', 3000, 2]	S	557	0	2400	43	0.1063	1.0	0.9283	0.9628	
['EncodeArt', 'CleanLab', 0.2, 'Sym', 3000, 3]	S	536	0	2400	64	0.1174	1.0	0.8933	0.9437	
['EncodeArt', 'CleanLab', 0.2, 'Sym', 3000, 4]	S	567	1	2399	33	0.1074	0.9982	0.945	0.9709	
['EncodeArt', 'CleanLab', 0.2, 'Sym', 1000, 0]	S	183	0	800	17	0.0951	1.0	0.915	0.9556	
['EncodeArt', 'CleanLab', 0.2, 'Sym', 1000, 1]	S	184	0	800	16	0.0819	1.0	0.92	0.9583	
['EncodeArt', 'CleanLab', 0.2, 'Sym', 1000, 2]	S	182	0	800	18	0.0797	1.0	0.91	0.9529	
['EncodeArt', 'CleanLab', 0.2, 'Sym', 1000, 3]	S	193	0	800	7	0.082	1.0	0.965	0.9822	
['EncodeArt', 'CleanLab', 0.2, 'Sym', 1000, 4]	S	188	0	800	12	0.0884	1.0	0.94	0.9691	
['EncodeArt', 'CleanLab', 0.2, 'Sym', 5000, 0]	S	934	0	4000	66	0.1714	1.0	0.934	0.9659	
['EncodeArt', 'CleanLab', 0.2, 'Sym', 5000, 1]	S	936	0	4000	64	0.1894	1.0	0.936	0.9669	
['EncodeArt', 'CleanLab', 0.2, 'Sym', 5000, 2]	S	922	1	3999	78	0.1453	0.9989	0.922	0.9589	
['EncodeArt', 'CleanLab', 0.2, 'Sym', 5000, 3]	S	936	0	4000	64	0.1424	1.0	0.936	0.9669	
['EncodeArt', 'CleanLab', 0.2, 'Sym', 5000, 4]	S	922	0	4000	78	0.1546	1.0	0.922	0.9594	
['EncodeArt', 'CleanLab', 0.2, 'Asym', 3000, 0]	S	557	0	2400	43	0.2426	1.0	0.9283	0.9628	
['EncodeArt', 'CleanLab', 0.2, 'Asym', 3000, 1]	S	569	0	2400	31	0.2144	1.0	0.9483	0.9735	
['EncodeArt', 'CleanLab', 0.2, 'Asym', 3000, 2]	S	553	1	2399	47	0.2421	0.9982	0.9217	0.9584	
['EncodeArt', 'CleanLab', 0.2, 'Asym', 3000, 3]	S	549	0	2400	51	0.2385	1.0	0.915	0.9556	
['EncodeArt', 'CleanLab', 0.2, 'Asym', 3000, 4]	S	556	0	2400	44	0.2195	1.0	0.9267	0.9619	
['EncodeArt', 'CleanLab', 0.2, 'Asym', 5000, 0]	S	938	0	4000	62	0.2826	1.0	0.938	0.968	
['EncodeArt', 'CleanLab', 0.2, 'Asym', 5000, 1]	S	946	2	3998	54	0.252	0.9979	0.946	0.9713	
['EncodeArt', 'CleanLab', 0.2, 'Asym', 5000, 2]	S	929	1	3999	71	0.2592	0.9989	0.929	0.9627	
['EncodeArt', 'CleanLab', 0.2, 'Asym', 5000, 3]	S	931	0	4000	69	0.3127	1.0	0.931	0.9643	
['EncodeArt', 'CleanLab', 0.2, 'Asym', 5000, 4]	S	931	0	4000	69	0.2947	1.0	0.931	0.9643	
['EncodeArt', 'CleanLab', 0.05, 'Sym', 100, 0]	S	5	0	95	0	0.0431	1.0	1.0	1.0	
['EncodeArt', 'CleanLab', 0.05, 'Sym', 100, 1]	S	5	1	94	0	0.0441	0.8333	1.0	0.9091	
['EncodeArt', 'CleanLab', 0.05, 'Sym', 100, 2]	S	4	0	95	1	0.0425	1.0	0.8	0.8889	
['EncodeArt', 'CleanLab', 0.05, 'Sym', 100, 3]	S	5	0	95	0	0.0466	1.0	1.0	1.0	
['EncodeArt', 'CleanLab', 0.05, 'Sym', 100, 4]	S	4	0	95	1	0.0487	1.0	0.8	0.8889	
['EncodeArt', 'CleanLab', 0.6, 'Sym', 300, 0]	S	7	116	4	173	0.0598	0.0569	0.0389	0.0462	
['EncodeArt', 'CleanLab', 0.6, 'Sym', 300, 1]	S	7	114	6	173	0.0547	0.0579	0.0389	0.0465	
['EncodeArt', 'CleanLab', 0.6, 'Sym', 300, 2]	S	9	110	10	171	0.052	0.0756	0.05	0.0602	
['EncodeArt', 'CleanLab', 0.6, 'Sym', 300, 3]	S	8	112	8	172	0.0566	0.0667	0.0444	0.0533	
['EncodeArt', 'CleanLab', 0.6, 'Sym', 300, 4]	S	4	114	6	176	0.0639	0.0339	0.0222	0.0268	
['EncodeArt', 'CleanLab', 0.05, 'Sym', 300, 0]	S	14	1	284	1	0.0602	0.9333	0.9333	0.9333	
['EncodeArt', 'CleanLab', 0.05, 'Sym', 300, 1]	S	13	0	285	2	0.0674	1.0	0.8667	0.9286	
['EncodeArt', 'CleanLab', 0.05, 'Sym', 300, 2]	S	15	0	285	0	0.0497	1.0	1.0	1.0	
['EncodeArt', 'CleanLab', 0.05, 'Sym', 300, 3]	S	14	0	285	1	0.0648	1.0	0.9333	0.9655	
['EncodeArt', 'CleanLab', 0.05, 'Sym', 300, 4]	S	13	0	285	2	0.072	1.0	0.8667	0.9286	
['EncodeArt', 'CleanLab', 0.05, 'Sym', 500, 0]	S	16	0	475	9	0.0779	1.0	0.64	0.7805	
['EncodeArt', 'CleanLab', 0.05, 'Sym', 500, 1]	S	24	0	475	1	0.0648	1.0	0.96	0.9796	
['EncodeArt', 'CleanLab', 0.05, 'Sym', 500, 2]	S	21	0	475	4	0.0656	1.0	0.84	0.913	
['EncodeArt', 'CleanLab', 0.05, 'Sym', 500, 3]	S	22	0	475	3	0.0622	1.0	0.88	0.9362	
['EncodeArt', 'CleanLab', 0.05, 'Sym', 500, 4]	S	23	0	475	2	0.0541	1.0	0.92	0.9583	
['EncodeArt', 'CleanLab', 0.6, 'Sym', 500, 0]	S	20	178	22	280	0.0531	0.101	0.0667	0.0803	
['EncodeArt', 'CleanLab', 0.6, 'Sym', 500, 1]	S	8	185	15	292	0.0714	0.0415	0.0267	0.0325	
['EncodeArt', 'CleanLab', 0.6, 'Sym', 500, 2]	S	8	190	10	292	0.0614	0.0404	0.0267	0.0321	
['EncodeArt', 'CleanLab', 0.6, 'Sym', 500, 3]	S	15	185	15	285	0.0483	0.075	0.05	0.06	
['EncodeArt', 'CleanLab', 0.6, 'Sym', 500, 4]	S	6	195	5	294	0.0448	0.0299	0.02	0.024	
['EncodeArt', 'CleanLab', 0.5, 'Asym', 10000, 0]	S	2014	1187	3813	2986	0.4968	0.6292	0.4028	0.4912	
['EncodeArt', 'CleanLab', 0.5, 'Asym', 10000, 1]	S	1408	1733	3267	3592	0.475	0.4483	0.2816	0.3459	
['EncodeArt', 'CleanLab', 0.5, 'Asym', 10000, 2]	S	2181	2456	2544	2819	0.5106	0.4703	0.4362	0.4526	
['EncodeArt', 'CleanLab', 0.5, 'Asym', 10000, 3]	S	1748	1346	3654	3252	0.4951	0.565	0.3496	0.4319	
['EncodeArt', 'CleanLab', 0.5, 'Asym', 10000, 4]	S	2025	2003	2997	2975	0.5085	0.5027	0.405	0.4486	
['EncodeArt', 'CleanLab', 0.6, 'Asym', 300, 0]	S	17	117	3	163	0.0955	0.1269	0.0944	0.1083	
['EncodeArt', 'CleanLab', 0.6, 'Asym', 300, 1]	S	7	113	7	173	0.1137	0.0583	0.0389	0.0467	
['EncodeArt', 'CleanLab', 0.6, 'Asym', 300, 2]	S	5	114	6	175	0.1051	0.042	0.0278	0.0334	
['EncodeArt', 'CleanLab', 0.6, 'Asym', 300, 3]	S	8	114	6	172	0.1212	0.0656	0.0444	0.053	
['EncodeArt', 'CleanLab', 0.6, 'Asym', 300, 4]	S	3	115	5	177	0.0965	0.0254	0.0167	0.0201	
['EncodeArt', 'CleanLab', 0.6, 'Asym', 100, 0]	S	2	24	16	58	0.0847	0.0769	0.0333	0.0465	
['EncodeArt', 'CleanLab', 0.6, 'Asym', 100, 1]	S	2	36	4	58	0.0694	0.0526	0.0333	0.0408	
['EncodeArt', 'CleanLab', 0.6, 'Asym', 100, 2]	S	4	39	1	56	0.0634	0.093	0.0667	0.0777	
['EncodeArt', 'CleanLab', 0.6, 'Asym', 100, 3]	S	8	38	2	52	0.0689	0.1739	0.1333	0.1509	
['EncodeArt', 'CleanLab', 0.6, 'Asym', 100, 4]	S	3	35	5	57	0.0837	0.0789	0.05	0.0612	
['EncodeArt', 'CleanLab', 0.6, 'Asym', 500, 0]	S	5	193	7	295	0.0667	0.0253	0.0167	0.0201	
['EncodeArt', 'CleanLab', 0.6, 'Asym', 500, 1]	S	11	196	4	289	0.0726	0.0531	0.0367	0.0434	
['EncodeArt', 'CleanLab', 0.6, 'Asym', 500, 2]	S	7	193	7	293	0.0617	0.035	0.0233	0.028	
['EncodeArt', 'CleanLab', 0.6, 'Asym', 500, 3]	S	12	186	14	288	0.0636	0.0606	0.04	0.0482	
['EncodeArt', 'CleanLab', 0.6, 'Asym', 500, 4]	S	12	184	16	288	0.0661	0.0612	0.04	0.0484	
['EncodeArt', 'CleanLab', 0.05, 'Asym', 300, 0]	S	15	0	285	0	0.0703	1.0	1.0	1.0	
['EncodeArt', 'CleanLab', 0.05, 'Asym', 300, 1]	S	14	1	284	1	0.0497	0.9333	0.9333	0.9333	
['EncodeArt', 'CleanLab', 0.05, 'Asym', 300, 2]	S	14	0	285	1	0.0595	1.0	0.9333	0.9655	
['EncodeArt', 'CleanLab', 0.05, 'Asym', 300, 3]	S	12	0	285	3	0.0557	1.0	0.8	0.8889	
['EncodeArt', 'CleanLab', 0.05, 'Asym', 300, 4]	S	13	1	284	2	0.0697	0.9286	0.8667	0.8966	
['EncodeArt', 'CleanLab', 0.6, 'Sym', 1000, 0]	S	15	387	13	585	0.0852	0.0373	0.025	0.0299	
['EncodeArt', 'CleanLab', 0.6, 'Sym', 1000, 1]	S	8	395	5	592	0.065	0.0199	0.0133	0.016	
['EncodeArt', 'CleanLab', 0.6, 'Sym', 1000, 2]	S	3	395	5	597	0.0582	0.0075	0.005	0.006	
['EncodeArt', 'CleanLab', 0.6, 'Sym', 1000, 3]	S	21	379	21	579	0.0696	0.0525	0.035	0.042	
['EncodeArt', 'CleanLab', 0.6, 'Sym', 1000, 4]	S	7	392	8	593	0.0663	0.0175	0.0117	0.014	
['EncodeArt', 'CleanLab', 0.4, 'Sym', 1000, 0]	S	390	10	590	10	0.0749	0.975	0.975	0.975	
['EncodeArt', 'CleanLab', 0.4, 'Sym', 1000, 1]	S	387	21	579	13	0.0657	0.9485	0.9675	0.9579	
['EncodeArt', 'CleanLab', 0.4, 'Sym', 1000, 2]	S	391	14	586	9	0.0795	0.9654	0.9775	0.9714	
['EncodeArt', 'CleanLab', 0.4, 'Sym', 1000, 3]	S	396	3	597	4	0.0639	0.9925	0.99	0.9912	
['EncodeArt', 'CleanLab', 0.4, 'Sym', 1000, 4]	S	398	6	594	2	0.0608	0.9851	0.995	0.99	
['EncodeArt', 'CleanLab', 0.05, 'Sym', 1000, 0]	S	47	0	950	3	0.0957	1.0	0.94	0.9691	
['EncodeArt', 'CleanLab', 0.05, 'Sym', 1000, 1]	S	48	0	950	2	0.0861	1.0	0.96	0.9796	
['EncodeArt', 'CleanLab', 0.05, 'Sym', 1000, 2]	S	46	0	950	4	0.0848	1.0	0.92	0.9583	
['EncodeArt', 'CleanLab', 0.05, 'Sym', 1000, 3]	S	42	0	950	8	0.0953	1.0	0.84	0.913	
['EncodeArt', 'CleanLab', 0.05, 'Sym', 1000, 4]	S	45	0	950	5	0.0954	1.0	0.9	0.9474	
['EncodeArt', 'CleanLab', 0.4, 'Asym', 3000, 0]	S	1173	35	1765	27	0.1282	0.971	0.9775	0.9743	
['EncodeArt', 'CleanLab', 0.4, 'Asym', 3000, 1]	S	1174	18	1782	26	0.1107	0.9849	0.9783	0.9816	
['EncodeArt', 'CleanLab', 0.4, 'Asym', 3000, 2]	S	1188	22	1778	12	0.1019	0.9818	0.99	0.9859	
['EncodeArt', 'CleanLab', 0.4, 'Asym', 3000, 3]	S	1161	21	1779	39	0.1152	0.9822	0.9675	0.9748	
['EncodeArt', 'CleanLab', 0.4, 'Asym', 3000, 4]	S	1198	2	1798	2	0.0921	0.9983	0.9983	0.9983	
['EncodeArt', 'CleanLab', 0.6, 'Sym', 5000, 0]	S	5	1992	8	2995	0.2527	0.0025	0.0017	0.002	
['EncodeArt', 'CleanLab', 0.6, 'Sym', 5000, 1]	S	13	1985	15	2987	0.2931	0.0065	0.0043	0.0052	
['EncodeArt', 'CleanLab', 0.6, 'Sym', 5000, 2]	S	1	1998	2	2999	0.2606	0.0005	0.0003	0.0004	
['EncodeArt', 'CleanLab', 0.6, 'Sym', 5000, 3]	S	1	1998	2	2999	0.2854	0.0005	0.0003	0.0004	
['EncodeArt', 'CleanLab', 0.6, 'Sym', 5000, 4]	S	2	1979	21	2998	0.3139	0.001	0.0007	0.0008	
['EncodeArt', 'CleanLab', 0.05, 'Sym', 3000, 0]	S	131	0	2850	19	0.1912	1.0	0.8733	0.9324	
['EncodeArt', 'CleanLab', 0.05, 'Sym', 3000, 1]	S	137	0	2850	13	0.1415	1.0	0.9133	0.9547	
['EncodeArt', 'CleanLab', 0.05, 'Sym', 3000, 2]	S	133	0	2850	17	0.1968	1.0	0.8867	0.9399	
['EncodeArt', 'CleanLab', 0.05, 'Sym', 3000, 3]	S	128	0	2850	22	0.2206	1.0	0.8533	0.9209	
['EncodeArt', 'CleanLab', 0.05, 'Sym', 3000, 4]	S	136	0	2850	14	0.2059	1.0	0.9067	0.951	
['EncodeArt', 'CleanLab', 0.05, 'Asym', 5000, 0]	S	232	0	4750	18	0.1746	1.0	0.928	0.9627	
['EncodeArt', 'CleanLab', 0.05, 'Asym', 5000, 1]	S	216	0	4750	34	0.1651	1.0	0.864	0.927	
['EncodeArt', 'CleanLab', 0.05, 'Asym', 5000, 2]	S	219	2	4748	31	0.1721	0.991	0.876	0.9299	
['EncodeArt', 'CleanLab', 0.05, 'Asym', 5000, 3]	S	212	0	4750	38	0.1573	1.0	0.848	0.9177	
['EncodeArt', 'CleanLab', 0.05, 'Asym', 5000, 4]	S	228	0	4750	22	0.1456	1.0	0.912	0.954	
['EncodeArt', 'CleanLab', 0.6, 'Sym', 3000, 0]	S	1	1192	8	1799	0.0971	0.0008	0.0006	0.0007	
['EncodeArt', 'CleanLab', 0.6, 'Sym', 3000, 1]	S	1	1194	6	1799	0.085	0.0008	0.0006	0.0007	
['EncodeArt', 'CleanLab', 0.6, 'Sym', 3000, 2]	S	16	1189	11	1784	0.1057	0.0133	0.0089	0.0106	
['EncodeArt', 'CleanLab', 0.6, 'Sym', 3000, 3]	S	41	1165	35	1759	0.1171	0.034	0.0228	0.0273	
['EncodeArt', 'CleanLab', 0.6, 'Sym', 3000, 4]	S	9	1190	10	1791	0.1012	0.0075	0.005	0.006	
['EncodeArt', 'CleanLab', 0.6, 'Asym', 1000, 0]	S	1	396	4	599	0.1229	0.0025	0.0017	0.002	
['EncodeArt', 'CleanLab', 0.6, 'Asym', 1000, 1]	S	5	395	5	595	0.1483	0.0125	0.0083	0.01	
['EncodeArt', 'CleanLab', 0.6, 'Asym', 1000, 2]	S	2	389	11	598	0.1027	0.0051	0.0033	0.004	
['EncodeArt', 'CleanLab', 0.6, 'Asym', 1000, 3]	S	12	393	7	588	0.1218	0.0296	0.02	0.0239	
['EncodeArt', 'CleanLab', 0.6, 'Asym', 1000, 4]	S	25	383	17	575	0.1296	0.0613	0.0417	0.0496	
['EncodeArt', 'CleanLab', 0.4, 'Asym', 5000, 0]	S	1984	7	2993	16	0.2976	0.9965	0.992	0.9942	
['EncodeArt', 'CleanLab', 0.4, 'Asym', 5000, 1]	S	1995	0	3000	5	0.2711	1.0	0.9975	0.9987	
['EncodeArt', 'CleanLab', 0.4, 'Asym', 5000, 2]	S	1992	0	3000	8	0.2595	1.0	0.996	0.998	
['EncodeArt', 'CleanLab', 0.4, 'Asym', 5000, 3]	S	1997	7	2993	3	0.2451	0.9965	0.9985	0.9975	
['EncodeArt', 'CleanLab', 0.4, 'Asym', 5000, 4]	S	1991	4	2996	9	0.2642	0.998	0.9955	0.9967	
['EncodeArt', 'CleanLab', 0.05, 'Sym', 5000, 0]	S	223	0	4750	27	0.1935	1.0	0.892	0.9429	
['EncodeArt', 'CleanLab', 0.05, 'Sym', 5000, 1]	S	225	0	4750	25	0.1741	1.0	0.9	0.9474	
['EncodeArt', 'CleanLab', 0.05, 'Sym', 5000, 2]	S	221	0	4750	29	0.1771	1.0	0.884	0.9384	
['EncodeArt', 'CleanLab', 0.05, 'Sym', 5000, 3]	S	224	0	4750	26	0.1756	1.0	0.896	0.9451	
['EncodeArt', 'CleanLab', 0.05, 'Sym', 5000, 4]	S	227	0	4750	23	0.1736	1.0	0.908	0.9518	
['EncodeArt', 'CleanLab', 0.7, 'Sym', 10000, 0]	S	0	2913	87	7000	0.2244	0.0	0.0	0.0	
['EncodeArt', 'CleanLab', 0.7, 'Sym', 10000, 1]	S	1	2895	105	6999	0.2207	0.0003	0.0001	0.0002	
['EncodeArt', 'CleanLab', 0.7, 'Sym', 10000, 2]	S	1	2909	91	6999	0.2232	0.0003	0.0001	0.0002	
['EncodeArt', 'CleanLab', 0.7, 'Sym', 10000, 3]	S	0	2910	90	7000	0.2522	0.0	0.0	0.0	
['EncodeArt', 'CleanLab', 0.7, 'Sym', 10000, 4]	S	2	2918	82	6998	0.2215	0.0007	0.0003	0.0004	
['EncodeArt', 'CleanLab', 0.2, 'Sym', 10000, 0]	S	1865	0	8000	135	0.256	1.0	0.9325	0.9651	
['EncodeArt', 'CleanLab', 0.2, 'Sym', 10000, 1]	S	1869	1	7999	131	0.2014	0.9995	0.9345	0.9659	
['EncodeArt', 'CleanLab', 0.2, 'Sym', 10000, 2]	S	1857	0	8000	143	0.246	1.0	0.9285	0.9629	
['EncodeArt', 'CleanLab', 0.2, 'Sym', 10000, 3]	S	1881	4	7996	119	0.2335	0.9979	0.9405	0.9683	
['EncodeArt', 'CleanLab', 0.2, 'Sym', 10000, 4]	S	1897	0	8000	103	0.2912	1.0	0.9485	0.9736	
['EncodeArt', 'CleanLab', 0.3, 'Sym', 300, 0]	S	90	0	210	0	0.0543	1.0	1.0	1.0	
['EncodeArt', 'CleanLab', 0.3, 'Sym', 300, 1]	S	86	2	208	4	0.0663	0.9773	0.9556	0.9663	
['EncodeArt', 'CleanLab', 0.3, 'Sym', 300, 2]	S	86	1	209	4	0.0578	0.9885	0.9556	0.9718	
['EncodeArt', 'CleanLab', 0.3, 'Sym', 300, 3]	S	89	5	205	1	0.0471	0.9468	0.9889	0.9674	
['EncodeArt', 'CleanLab', 0.3, 'Sym', 300, 4]	S	88	3	207	2	0.0573	0.967	0.9778	0.9724	
['EncodeArt', 'CleanLab', 0.7, 'Sym', 100, 0]	S	8	28	2	62	0.1117	0.2222	0.1143	0.1509	
['EncodeArt', 'CleanLab', 0.7, 'Sym', 100, 1]	S	2	29	1	68	0.0798	0.0645	0.0286	0.0396	
['EncodeArt', 'CleanLab', 0.7, 'Sym', 100, 2]	S	2	28	2	68	0.0709	0.0667	0.0286	0.04	
['EncodeArt', 'CleanLab', 0.7, 'Sym', 100, 3]	S	3	27	3	67	0.0949	0.1	0.0429	0.06	
['EncodeArt', 'CleanLab', 0.7, 'Sym', 100, 4]	S	3	29	1	67	0.097	0.0938	0.0429	0.0588	
['EncodeArt', 'CleanLab', 0.3, 'Sym', 500, 0]	S	144	9	341	6	0.0751	0.9412	0.96	0.9505	
['EncodeArt', 'CleanLab', 0.3, 'Sym', 500, 1]	S	141	3	347	9	0.0653	0.9792	0.94	0.9592	
['EncodeArt', 'CleanLab', 0.3, 'Sym', 500, 2]	S	145	3	347	5	0.0672	0.9797	0.9667	0.9732	
['EncodeArt', 'CleanLab', 0.3, 'Sym', 500, 3]	S	150	0	350	0	0.0613	1.0	1.0	1.0	
['EncodeArt', 'CleanLab', 0.3, 'Sym', 500, 4]	S	147	0	350	3	0.0527	1.0	0.98	0.9899	
['EncodeArt', 'CleanLab', 0.7, 'Sym', 300, 0]	S	2	80	10	208	0.0692	0.0244	0.0095	0.0137	
['EncodeArt', 'CleanLab', 0.7, 'Sym', 300, 1]	S	1	88	2	209	0.053	0.0112	0.0048	0.0067	
['EncodeArt', 'CleanLab', 0.7, 'Sym', 300, 2]	S	1	84	6	209	0.0462	0.0118	0.0048	0.0068	
['EncodeArt', 'CleanLab', 0.7, 'Sym', 300, 3]	S	3	87	3	207	0.0485	0.0333	0.0143	0.02	
['EncodeArt', 'CleanLab', 0.7, 'Sym', 300, 4]	S	3	89	1	207	0.0592	0.0326	0.0143	0.0199	
['EncodeArt', 'CleanLab', 0.3, 'Asym', 300, 0]	S	89	2	208	1	0.0552	0.978	0.9889	0.9834	
['EncodeArt', 'CleanLab', 0.3, 'Asym', 300, 1]	S	89	3	207	1	0.057	0.9674	0.9889	0.978	
['EncodeArt', 'CleanLab', 0.3, 'Asym', 300, 2]	S	88	6	204	2	0.0619	0.9362	0.9778	0.9565	
['EncodeArt', 'CleanLab', 0.3, 'Asym', 300, 3]	S	79	5	205	11	0.063	0.9405	0.8778	0.908	
['EncodeArt', 'CleanLab', 0.3, 'Asym', 300, 4]	S	84	6	204	6	0.0719	0.9333	0.9333	0.9333	
['EncodeArt', 'CleanLab', 0.7, 'Asym', 100, 0]	S	1	29	1	69	0.0509	0.0333	0.0143	0.02	
['EncodeArt', 'CleanLab', 0.7, 'Asym', 100, 1]	S	6	27	3	64	0.0414	0.1818	0.0857	0.1165	
['EncodeArt', 'CleanLab', 0.7, 'Asym', 100, 2]	S	4	30	0	66	0.0585	0.1176	0.0571	0.0769	
['EncodeArt', 'CleanLab', 0.7, 'Asym', 100, 3]	S	2	29	1	68	0.0595	0.0645	0.0286	0.0396	
['EncodeArt', 'CleanLab', 0.7, 'Asym', 100, 4]	S	5	30	0	65	0.0597	0.1429	0.0714	0.0952	
['EncodeArt', 'CleanLab', 0.3, 'Asym', 1000, 0]	S	287	4	696	13	0.1201	0.9863	0.9567	0.9712	
['EncodeArt', 'CleanLab', 0.3, 'Asym', 1000, 1]	S	292	0	700	8	0.1275	1.0	0.9733	0.9865	
['EncodeArt', 'CleanLab', 0.3, 'Asym', 1000, 2]	S	282	0	700	18	0.1227	1.0	0.94	0.9691	
['EncodeArt', 'CleanLab', 0.3, 'Asym', 1000, 3]	S	288	8	692	12	0.1561	0.973	0.96	0.9664	
['EncodeArt', 'CleanLab', 0.3, 'Asym', 1000, 4]	S	293	1	699	7	0.1067	0.9966	0.9767	0.9865	
['EncodeArt', 'CleanLab', 0.7, 'Sym', 3000, 0]	S	3	867	33	2097	0.1029	0.0034	0.0014	0.002	
['EncodeArt', 'CleanLab', 0.7, 'Sym', 3000, 1]	S	0	871	29	2100	0.0934	0.0	0.0	0.0	
['EncodeArt', 'CleanLab', 0.7, 'Sym', 3000, 2]	S	0	874	26	2100	0.1032	0.0	0.0	0.0	
['EncodeArt', 'CleanLab', 0.7, 'Sym', 3000, 3]	S	1	875	25	2099	0.0912	0.0011	0.0005	0.0007	
['EncodeArt', 'CleanLab', 0.7, 'Sym', 3000, 4]	S	0	877	23	2100	0.1348	0.0	0.0	0.0	
['EncodeArt', 'CleanLab', 0.7, 'Asym', 3000, 0]	S	0	884	16	2100	0.1129	0.0	0.0	0.0	
['EncodeArt', 'CleanLab', 0.7, 'Asym', 3000, 1]	S	0	868	32	2100	0.1072	0.0	0.0	0.0	
['EncodeArt', 'CleanLab', 0.7, 'Asym', 3000, 2]	S	1	868	32	2099	0.1227	0.0012	0.0005	0.0007	
['EncodeArt', 'CleanLab', 0.7, 'Asym', 3000, 3]	S	4	874	26	2096	0.1342	0.0046	0.0019	0.0027	
['EncodeArt', 'CleanLab', 0.7, 'Asym', 3000, 4]	S	0	883	17	2100	0.0898	0.0	0.0	0.0	
['EncodeArt', 'CleanLab', 0.3, 'Sym', 3000, 0]	S	866	0	2100	34	0.1238	1.0	0.9622	0.9807	
['EncodeArt', 'CleanLab', 0.3, 'Sym', 3000, 1]	S	873	3	2097	27	0.1397	0.9966	0.97	0.9831	
['EncodeArt', 'CleanLab', 0.3, 'Sym', 3000, 2]	S	882	2	2098	18	0.091	0.9977	0.98	0.9888	
['EncodeArt', 'CleanLab', 0.3, 'Sym', 3000, 3]	S	871	0	2100	29	0.1138	1.0	0.9678	0.9836	
['EncodeArt', 'CleanLab', 0.3, 'Sym', 3000, 4]	S	880	1	2099	20	0.1025	0.9989	0.9778	0.9882	
['EncodeArt', 'CleanLab', 0.3, 'Sym', 5000, 0]	S	1439	2	3498	61	0.2672	0.9986	0.9593	0.9786	
['EncodeArt', 'CleanLab', 0.3, 'Sym', 5000, 1]	S	1454	1	3499	46	0.2556	0.9993	0.9693	0.9841	
['EncodeArt', 'CleanLab', 0.3, 'Sym', 5000, 2]	S	1469	1	3499	31	0.2591	0.9993	0.9793	0.9892	
['EncodeArt', 'CleanLab', 0.3, 'Sym', 5000, 3]	S	1445	1	3499	55	0.3351	0.9993	0.9633	0.981	
['EncodeArt', 'CleanLab', 0.3, 'Sym', 5000, 4]	S	1448	0	3500	52	0.2593	1.0	0.9653	0.9824	
['EncodeArt', 'CleanLab', 0.7, 'Asym', 5000, 0]	S	0	1462	38	3500	0.1578	0.0	0.0	0.0	
['EncodeArt', 'CleanLab', 0.7, 'Asym', 5000, 1]	S	1	1472	28	3499	0.1264	0.0007	0.0003	0.0004	
['EncodeArt', 'CleanLab', 0.7, 'Asym', 5000, 2]	S	0	1465	35	3500	0.1372	0.0	0.0	0.0	
['EncodeArt', 'CleanLab', 0.7, 'Asym', 5000, 3]	S	1	1459	41	3499	0.1384	0.0007	0.0003	0.0004	
['EncodeArt', 'CleanLab', 0.7, 'Asym', 5000, 4]	S	1	1462	38	3499	0.1208	0.0007	0.0003	0.0004	
['EncodeArt', 'CleanLab', 0.1, 'Sym', 10000, 0]	S	914	0	9000	86	0.5047	1.0	0.914	0.9551	
['EncodeArt', 'CleanLab', 0.1, 'Sym', 10000, 1]	S	923	0	9000	77	0.5793	1.0	0.923	0.96	
['EncodeArt', 'CleanLab', 0.1, 'Sym', 10000, 2]	S	921	0	9000	79	0.5559	1.0	0.921	0.9589	
['EncodeArt', 'CleanLab', 0.1, 'Sym', 10000, 3]	S	921	1	8999	79	0.5368	0.9989	0.921	0.9584	
['EncodeArt', 'CleanLab', 0.1, 'Sym', 10000, 4]	S	929	0	9000	71	0.5599	1.0	0.929	0.9632	
['EncodeArt', 'CleanLab', 0.7, 'Sym', 500, 0]	S	3	145	5	347	0.0708	0.0203	0.0086	0.012	
['EncodeArt', 'CleanLab', 0.7, 'Sym', 500, 1]	S	1	143	7	349	0.0604	0.0069	0.0029	0.004	
['EncodeArt', 'CleanLab', 0.7, 'Sym', 500, 2]	S	0	146	4	350	0.0544	0.0	0.0	0.0	
['EncodeArt', 'CleanLab', 0.7, 'Sym', 500, 3]	S	5	144	6	345	0.0786	0.0336	0.0143	0.02	
['EncodeArt', 'CleanLab', 0.7, 'Sym', 500, 4]	S	4	149	1	346	0.0657	0.0261	0.0114	0.0159	
['EncodeArt', 'CleanLab', 0.6, 'Asym', 5000, 0]	S	16	1982	18	2984	0.1497	0.008	0.0053	0.0064	
['EncodeArt', 'CleanLab', 0.6, 'Asym', 5000, 1]	S	3	1992	8	2997	0.1246	0.0015	0.001	0.0012	
['EncodeArt', 'CleanLab', 0.6, 'Asym', 5000, 2]	S	1	1996	4	2999	0.1178	0.0005	0.0003	0.0004	
['EncodeArt', 'CleanLab', 0.6, 'Asym', 5000, 3]	S	7	1986	14	2993	0.1577	0.0035	0.0023	0.0028	
['EncodeArt', 'CleanLab', 0.6, 'Asym', 5000, 4]	S	0	1999	1	3000	0.1188	0.0	0.0	0.0	
['EncodeArt', 'CleanLab', 0.2, 'Sym', 100, 0]	S	19	2	78	1	0.1036	0.9048	0.95	0.9268	
['EncodeArt', 'CleanLab', 0.2, 'Sym', 100, 1]	S	20	0	80	0	0.0892	1.0	1.0	1.0	
['EncodeArt', 'CleanLab', 0.2, 'Sym', 100, 2]	S	19	0	80	1	0.1044	1.0	0.95	0.9744	
['EncodeArt', 'CleanLab', 0.2, 'Sym', 100, 3]	S	16	2	78	4	0.1093	0.8889	0.8	0.8421	
['EncodeArt', 'CleanLab', 0.2, 'Sym', 100, 4]	S	19	0	80	1	0.0824	1.0	0.95	0.9744	
['EncodeArt', 'CleanLab', 0.3, 'Asym', 5000, 0]	S	1463	1	3499	37	0.2793	0.9993	0.9753	0.9872	
['EncodeArt', 'CleanLab', 0.3, 'Asym', 5000, 1]	S	1455	0	3500	45	0.3168	1.0	0.97	0.9848	
['EncodeArt', 'CleanLab', 0.3, 'Asym', 5000, 2]	S	1457	0	3500	43	0.2462	1.0	0.9713	0.9855	
['EncodeArt', 'CleanLab', 0.3, 'Asym', 5000, 3]	S	1469	2	3498	31	0.2809	0.9986	0.9793	0.9889	
['EncodeArt', 'CleanLab', 0.3, 'Asym', 5000, 4]	S	1451	1	3499	49	0.263	0.9993	0.9673	0.9831	
['EncodeArt', 'CleanLab', 0.2, 'Asym', 300, 0]	S	56	0	240	4	0.1208	1.0	0.9333	0.9655	
['EncodeArt', 'CleanLab', 0.2, 'Asym', 300, 1]	S	58	0	240	2	0.1071	1.0	0.9667	0.9831	
['EncodeArt', 'CleanLab', 0.2, 'Asym', 300, 2]	S	56	1	239	4	0.0898	0.9825	0.9333	0.9573	
['EncodeArt', 'CleanLab', 0.2, 'Asym', 300, 3]	S	57	1	239	3	0.1059	0.9828	0.95	0.9661	
['EncodeArt', 'CleanLab', 0.2, 'Asym', 300, 4]	S	55	3	237	5	0.0906	0.9483	0.9167	0.9322	
['EncodeArt', 'CleanLab', 0.7, 'Asym', 300, 0]	S	4	85	5	206	0.0703	0.0449	0.019	0.0268	
['EncodeArt', 'CleanLab', 0.7, 'Asym', 300, 1]	S	1	90	0	209	0.0652	0.011	0.0048	0.0066	
['EncodeArt', 'CleanLab', 0.7, 'Asym', 300, 2]	S	2	88	2	208	0.058	0.0222	0.0095	0.0133	
['EncodeArt', 'CleanLab', 0.7, 'Asym', 300, 3]	S	4	89	1	206	0.0666	0.043	0.019	0.0264	
['EncodeArt', 'CleanLab', 0.7, 'Asym', 300, 4]	S	4	86	4	206	0.0652	0.0444	0.019	0.0267	
['EncodeArt', 'CleanLab', 0.2, 'Sym', 300, 0]	S	59	0	240	1	0.1135	1.0	0.9833	0.9916	
['EncodeArt', 'CleanLab', 0.2, 'Sym', 300, 1]	S	56	2	238	4	0.1063	0.9655	0.9333	0.9492	
['EncodeArt', 'CleanLab', 0.2, 'Sym', 300, 2]	S	57	0	240	3	0.1231	1.0	0.95	0.9744	
['EncodeArt', 'CleanLab', 0.2, 'Sym', 300, 3]	S	59	0	240	1	0.1199	1.0	0.9833	0.9916	
['EncodeArt', 'CleanLab', 0.2, 'Sym', 300, 4]	S	58	1	239	2	0.1181	0.9831	0.9667	0.9748	
['EncodeArt', 'CleanLab', 0.05, 'Asym', 3000, 0]	S	135	0	2850	15	0.1113	1.0	0.9	0.9474	
['EncodeArt', 'CleanLab', 0.05, 'Asym', 3000, 1]	S	127	0	2850	23	0.1298	1.0	0.8467	0.917	
['EncodeArt', 'CleanLab', 0.05, 'Asym', 3000, 2]	S	132	0	2850	18	0.1531	1.0	0.88	0.9362	
['EncodeArt', 'CleanLab', 0.05, 'Asym', 3000, 3]	S	133	0	2850	17	0.1339	1.0	0.8867	0.9399	
['EncodeArt', 'CleanLab', 0.05, 'Asym', 3000, 4]	S	131	0	2850	19	0.113	1.0	0.8733	0.9324	
['EncodeArt', 'CleanLab', 0.3, 'Asym', 10000, 0]	S	2888	0	7000	112	0.2321	1.0	0.9627	0.981	
['EncodeArt', 'CleanLab', 0.3, 'Asym', 10000, 1]	S	2896	2	6998	104	0.2085	0.9993	0.9653	0.982	
['EncodeArt', 'CleanLab', 0.3, 'Asym', 10000, 2]	S	2911	1	6999	89	0.2121	0.9997	0.9703	0.9848	
['EncodeArt', 'CleanLab', 0.3, 'Asym', 10000, 3]	S	2911	2	6998	89	0.2388	0.9993	0.9703	0.9846	
['EncodeArt', 'CleanLab', 0.3, 'Asym', 10000, 4]	S	2897	1	6999	103	0.2095	0.9997	0.9657	0.9824	
['EncodeArt', 'CleanLab', 0.4, 'Sym', 100, 0]	S	37	4	56	3	0.0823	0.9024	0.925	0.9136	
['EncodeArt', 'CleanLab', 0.4, 'Sym', 100, 1]	S	11	0	60	29	0.0709	1.0	0.275	0.4314	
['EncodeArt', 'CleanLab', 0.4, 'Sym', 100, 2]	S	36	8	52	4	0.1133	0.8182	0.9	0.8571	
['EncodeArt', 'CleanLab', 0.4, 'Sym', 100, 3]	S	32	7	53	8	0.0825	0.8205	0.8	0.8101	
['EncodeArt', 'CleanLab', 0.4, 'Sym', 100, 4]	S	37	6	54	3	0.0963	0.8605	0.925	0.8916	
['EncodeArt', 'CleanLab', 0.3, 'Sym', 10000, 0]	S	2910	0	7000	90	0.2349	1.0	0.97	0.9848	
['EncodeArt', 'CleanLab', 0.3, 'Sym', 10000, 1]	S	2941	2	6998	59	0.2663	0.9993	0.9803	0.9897	
['EncodeArt', 'CleanLab', 0.3, 'Sym', 10000, 2]	S	2914	1	6999	86	0.2358	0.9997	0.9713	0.9853	
['EncodeArt', 'CleanLab', 0.3, 'Sym', 10000, 3]	S	2932	2	6998	68	0.2378	0.9993	0.9773	0.9882	
['EncodeArt', 'CleanLab', 0.3, 'Sym', 10000, 4]	S	2913	0	7000	87	0.2339	1.0	0.971	0.9853	
['EncodeArt', 'CleanLab', 0.4, 'Asym', 100, 0]	S	36	4	56	4	0.0458	0.9	0.9	0.9	
['EncodeArt', 'CleanLab', 0.4, 'Asym', 100, 1]	S	36	3	57	4	0.0613	0.9231	0.9	0.9114	
['EncodeArt', 'CleanLab', 0.4, 'Asym', 100, 2]	S	31	8	52	9	0.0534	0.7949	0.775	0.7848	
['EncodeArt', 'CleanLab', 0.4, 'Asym', 100, 3]	S	37	3	57	3	0.0414	0.925	0.925	0.925	
['EncodeArt', 'CleanLab', 0.4, 'Asym', 100, 4]	S	36	6	54	4	0.0552	0.8571	0.9	0.878	
['EncodeArt', 'CleanLab', 0.4, 'Sym', 300, 0]	S	108	8	172	12	0.0525	0.931	0.9	0.9153	
['EncodeArt', 'CleanLab', 0.4, 'Sym', 300, 1]	S	103	8	172	17	0.0498	0.9279	0.8583	0.8918	
['EncodeArt', 'CleanLab', 0.4, 'Sym', 300, 2]	S	117	0	180	3	0.0601	1.0	0.975	0.9873	
['EncodeArt', 'CleanLab', 0.4, 'Sym', 300, 3]	S	108	9	171	12	0.0675	0.9231	0.9	0.9114	
['EncodeArt', 'CleanLab', 0.4, 'Sym', 300, 4]	S	111	6	174	9	0.0491	0.9487	0.925	0.9367	
['EncodeArt', 'CleanLab', 0.4, 'Asym', 300, 0]	S	116	9	171	4	0.089	0.928	0.9667	0.9469	
['EncodeArt', 'CleanLab', 0.4, 'Asym', 300, 1]	S	115	9	171	5	0.1023	0.9274	0.9583	0.9426	
['EncodeArt', 'CleanLab', 0.4, 'Asym', 300, 2]	S	112	6	174	8	0.0796	0.9492	0.9333	0.9412	
['EncodeArt', 'CleanLab', 0.4, 'Asym', 300, 3]	S	113	5	175	7	0.1059	0.9576	0.9417	0.9496	
['EncodeArt', 'CleanLab', 0.4, 'Asym', 300, 4]	S	111	8	172	9	0.0941	0.9328	0.925	0.9289	
['EncodeArt', 'CleanLab', 0.6, 'Asym', 3000, 0]	S	29	1179	21	1771	0.1213	0.024	0.0161	0.0193	
['EncodeArt', 'CleanLab', 0.6, 'Asym', 3000, 1]	S	7	1191	9	1793	0.0947	0.0058	0.0039	0.0047	
['EncodeArt', 'CleanLab', 0.6, 'Asym', 3000, 2]	S	0	1196	4	1800	0.0838	0.0	0.0	0.0	
['EncodeArt', 'CleanLab', 0.6, 'Asym', 3000, 3]	S	28	1171	29	1772	0.1092	0.0234	0.0156	0.0187	
['EncodeArt', 'CleanLab', 0.6, 'Asym', 3000, 4]	S	0	1194	6	1800	0.0804	0.0	0.0	0.0	
['EncodeArt', 'CleanLab', 0.3, 'Asym', 3000, 0]	S	870	2	2098	30	0.1812	0.9977	0.9667	0.9819	
['EncodeArt', 'CleanLab', 0.3, 'Asym', 3000, 1]	S	864	9	2091	36	0.2055	0.9897	0.96	0.9746	
['EncodeArt', 'CleanLab', 0.3, 'Asym', 3000, 2]	S	884	1	2099	16	0.1966	0.9989	0.9822	0.9905	
['EncodeArt', 'CleanLab', 0.3, 'Asym', 3000, 3]	S	875	6	2094	25	0.2188	0.9932	0.9722	0.9826	
['EncodeArt', 'CleanLab', 0.3, 'Asym', 3000, 4]	S	876	1	2099	24	0.1694	0.9989	0.9733	0.9859	
['EncodeArt', 'CleanLab', 0.4, 'Sym', 500, 0]	S	191	20	280	9	0.0699	0.9052	0.955	0.9294	
['EncodeArt', 'CleanLab', 0.4, 'Sym', 500, 1]	S	193	18	282	7	0.0566	0.9147	0.965	0.9392	
['EncodeArt', 'CleanLab', 0.4, 'Sym', 500, 2]	S	199	4	296	1	0.0487	0.9803	0.995	0.9876	
['EncodeArt', 'CleanLab', 0.4, 'Sym', 500, 3]	S	182	8	292	18	0.0496	0.9579	0.91	0.9333	
['EncodeArt', 'CleanLab', 0.4, 'Sym', 500, 4]	S	198	0	300	2	0.0567	1.0	0.99	0.995	
['EncodeArt', 'CleanLab', 0.4, 'Asym', 500, 0]	S	178	14	286	22	0.1444	0.9271	0.89	0.9082	
['EncodeArt', 'CleanLab', 0.4, 'Asym', 500, 1]	S	198	5	295	2	0.0989	0.9754	0.99	0.9826	
['EncodeArt', 'CleanLab', 0.4, 'Asym', 500, 2]	S	194	7	293	6	0.0954	0.9652	0.97	0.9676	
['EncodeArt', 'CleanLab', 0.4, 'Asym', 500, 3]	S	184	14	286	16	0.1015	0.9293	0.92	0.9246	
['EncodeArt', 'CleanLab', 0.4, 'Asym', 500, 4]	S	179	13	287	21	0.1045	0.9323	0.895	0.9133	
['EncodeArt', 'CleanLab', 0.5, 'Sym', 10000, 0]	S	2213	830	4170	2787	0.488	0.7272	0.4426	0.5503	
['EncodeArt', 'CleanLab', 0.5, 'Sym', 10000, 1]	S	578	3713	1287	4422	0.5329	0.1347	0.1156	0.1244	
['EncodeArt', 'CleanLab', 0.5, 'Sym', 10000, 2]	S	1157	2156	2844	3843	0.5233	0.3492	0.2314	0.2784	
['EncodeArt', 'CleanLab', 0.5, 'Sym', 10000, 3]	S	3675	1354	3646	1325	0.5245	0.7308	0.735	0.7329	
['EncodeArt', 'CleanLab', 0.5, 'Sym', 10000, 4]	S	1580	1643	3357	3420	0.4786	0.4902	0.316	0.3843	
['EncodeArt', 'CleanLab', 0.7, 'Sym', 5000, 0]	S	2	1458	42	3498	0.2453	0.0014	0.0006	0.0008	
['EncodeArt', 'CleanLab', 0.7, 'Sym', 5000, 1]	S	1	1457	43	3499	0.2947	0.0007	0.0003	0.0004	
['EncodeArt', 'CleanLab', 0.7, 'Sym', 5000, 2]	S	0	1437	63	3500	0.284	0.0	0.0	0.0	
['EncodeArt', 'CleanLab', 0.7, 'Sym', 5000, 3]	S	0	1459	41	3500	0.2699	0.0	0.0	0.0	
['EncodeArt', 'CleanLab', 0.7, 'Sym', 5000, 4]	S	3	1466	34	3497	0.2806	0.002	0.0009	0.0012	
['EncodeArt', 'CleanLab', 0.4, 'Asym', 1000, 0]	S	383	9	591	17	0.075	0.977	0.9575	0.9672	
['EncodeArt', 'CleanLab', 0.4, 'Asym', 1000, 1]	S	389	9	591	11	0.0652	0.9774	0.9725	0.9749	
['EncodeArt', 'CleanLab', 0.4, 'Asym', 1000, 2]	S	390	9	591	10	0.0749	0.9774	0.975	0.9762	
['EncodeArt', 'CleanLab', 0.4, 'Asym', 1000, 3]	S	380	20	580	20	0.0804	0.95	0.95	0.95	
['EncodeArt', 'CleanLab', 0.4, 'Asym', 1000, 4]	S	392	14	586	8	0.0629	0.9655	0.98	0.9727	
['EncodeArt', 'CleanLab', 0.7, 'Asym', 500, 0]	S	8	137	13	342	0.0645	0.0552	0.0229	0.0323	
['EncodeArt', 'CleanLab', 0.7, 'Asym', 500, 1]	S	7	144	6	343	0.0511	0.0464	0.02	0.0279	
['EncodeArt', 'CleanLab', 0.7, 'Asym', 500, 2]	S	0	145	5	350	0.0559	0.0	0.0	0.0	
['EncodeArt', 'CleanLab', 0.7, 'Asym', 500, 3]	S	5	142	8	345	0.0496	0.034	0.0143	0.0201	
['EncodeArt', 'CleanLab', 0.7, 'Asym', 500, 4]	S	7	133	17	343	0.0759	0.05	0.02	0.0286	
['EncodeArt', 'CleanLab', 0.7, 'Sym', 1000, 0]	S	4	292	8	696	0.1595	0.0135	0.0057	0.008	
['EncodeArt', 'CleanLab', 0.7, 'Sym', 1000, 1]	S	8	281	19	692	0.1528	0.0277	0.0114	0.0162	
['EncodeArt', 'CleanLab', 0.7, 'Sym', 1000, 2]	S	3	287	13	697	0.1277	0.0103	0.0043	0.0061	
['EncodeArt', 'CleanLab', 0.7, 'Sym', 1000, 3]	S	0	296	4	700	0.1267	0.0	0.0	0.0	
['EncodeArt', 'CleanLab', 0.7, 'Sym', 1000, 4]	S	4	287	13	696	0.1508	0.0137	0.0057	0.0081	
['EncodeArt', 'CleanLab', 0.4, 'Sym', 3000, 0]	S	1197	0	1800	3	0.1737	1.0	0.9975	0.9987	
['EncodeArt', 'CleanLab', 0.4, 'Sym', 3000, 1]	S	1186	9	1791	14	0.2073	0.9925	0.9883	0.9904	
['EncodeArt', 'CleanLab', 0.4, 'Sym', 3000, 2]	S	1195	1	1799	5	0.2011	0.9992	0.9958	0.9975	
['EncodeArt', 'CleanLab', 0.4, 'Sym', 3000, 3]	S	1184	10	1790	16	0.1922	0.9916	0.9867	0.9891	
['EncodeArt', 'CleanLab', 0.4, 'Sym', 3000, 4]	S	1196	5	1795	4	0.1687	0.9958	0.9967	0.9963	
['EncodeArt', 'CleanLab', 0.4, 'Sym', 5000, 0]	S	2000	0	3000	0	0.1203	1.0	1.0	1.0	
['EncodeArt', 'CleanLab', 0.4, 'Sym', 5000, 1]	S	1997	2	2998	3	0.1319	0.999	0.9985	0.9987	
['EncodeArt', 'CleanLab', 0.4, 'Sym', 5000, 2]	S	1957	27	2973	43	0.1516	0.9864	0.9785	0.9824	
['EncodeArt', 'CleanLab', 0.4, 'Sym', 5000, 3]	S	1977	29	2971	23	0.1499	0.9855	0.9885	0.987	
['EncodeArt', 'CleanLab', 0.4, 'Sym', 5000, 4]	S	1995	3	2997	5	0.1293	0.9985	0.9975	0.998	
['EncodeArt', 'CleanLab', 0.7, 'Asym', 1000, 0]	S	5	288	12	695	0.0838	0.0171	0.0071	0.0101	
['EncodeArt', 'CleanLab', 0.7, 'Asym', 1000, 1]	S	4	289	11	696	0.0864	0.0137	0.0057	0.0081	
['EncodeArt', 'CleanLab', 0.7, 'Asym', 1000, 2]	S	1	293	7	699	0.0705	0.0034	0.0014	0.002	
['EncodeArt', 'CleanLab', 0.7, 'Asym', 1000, 3]	S	8	286	14	692	0.0711	0.0272	0.0114	0.0161	
['EncodeArt', 'CleanLab', 0.7, 'Asym', 1000, 4]	S	2	291	9	698	0.0742	0.0068	0.0029	0.004	
['EncodeArt', 'CleanLab', 0.05, 'Asym', 1000, 0]	S	47	0	950	3	0.145	1.0	0.94	0.9691	
['EncodeArt', 'CleanLab', 0.05, 'Asym', 1000, 1]	S	42	0	950	8	0.1516	1.0	0.84	0.913	
['EncodeArt', 'CleanLab', 0.05, 'Asym', 1000, 2]	S	49	0	950	1	0.1144	1.0	0.98	0.9899	
['EncodeArt', 'CleanLab', 0.05, 'Asym', 1000, 3]	S	48	0	950	2	0.1368	1.0	0.96	0.9796	
['EncodeArt', 'CleanLab', 0.05, 'Asym', 1000, 4]	S	47	0	950	3	0.1594	1.0	0.94	0.9691	
['EncodeArt', 'CleanLab', 0.3, 'Sym', 100, 0]	S	30	2	68	0	0.0529	0.9375	1.0	0.9677	
['EncodeArt', 'CleanLab', 0.3, 'Sym', 100, 1]	S	28	1	69	2	0.0637	0.9655	0.9333	0.9492	
['EncodeArt', 'CleanLab', 0.3, 'Sym', 100, 2]	S	30	2	68	0	0.0436	0.9375	1.0	0.9677	
['EncodeArt', 'CleanLab', 0.3, 'Sym', 100, 3]	S	26	5	65	4	0.0666	0.8387	0.8667	0.8525	
['EncodeArt', 'CleanLab', 0.3, 'Sym', 100, 4]	S	27	2	68	3	0.0631	0.931	0.9	0.9153	
['EncodeArt', 'CleanLab', 0.3, 'Asym', 500, 0]	S	142	4	346	8	0.0827	0.9726	0.9467	0.9595	
['EncodeArt', 'CleanLab', 0.3, 'Asym', 500, 1]	S	144	0	350	6	0.0555	1.0	0.96	0.9796	
['EncodeArt', 'CleanLab', 0.3, 'Asym', 500, 2]	S	150	1	349	0	0.0644	0.9934	1.0	0.9967	
['EncodeArt', 'CleanLab', 0.3, 'Asym', 500, 3]	S	145	2	348	5	0.0607	0.9864	0.9667	0.9764	
['EncodeArt', 'CleanLab', 0.3, 'Asym', 500, 4]	S	146	1	349	4	0.0564	0.9932	0.9733	0.9832	
['EncodeArt', 'CleanLab', 0.6, 'Sym', 10000, 0]	S	2	4000	0	5998	0.2446	0.0005	0.0003	0.0004	
['EncodeArt', 'CleanLab', 0.6, 'Sym', 10000, 1]	S	3	3981	19	5997	0.2444	0.0008	0.0005	0.0006	
['EncodeArt', 'CleanLab', 0.6, 'Sym', 10000, 2]	S	4	3985	15	5996	0.281	0.001	0.0007	0.0008	
['EncodeArt', 'CleanLab', 0.6, 'Sym', 10000, 3]	S	0	3995	5	6000	0.2463	0.0	0.0	0.0	
['EncodeArt', 'CleanLab', 0.6, 'Sym', 10000, 4]	S	1	3996	4	5999	0.2457	0.0003	0.0002	0.0002	
['EncodeArt', 'CleanLab', 0.05, 'Asym', 100, 0]	S	5	0	95	0	0.0721	1.0	1.0	1.0	
['EncodeArt', 'CleanLab', 0.05, 'Asym', 100, 1]	S	4	0	95	1	0.0486	1.0	0.8	0.8889	
['EncodeArt', 'CleanLab', 0.05, 'Asym', 100, 2]	S	5	1	94	0	0.0629	0.8333	1.0	0.9091	
['EncodeArt', 'CleanLab', 0.05, 'Asym', 100, 3]	S	5	1	94	0	0.0573	0.8333	1.0	0.9091	
['EncodeArt', 'CleanLab', 0.05, 'Asym', 100, 4]	S	4	1	94	1	0.0457	0.8	0.8	0.8	
['EncodeArt', 'CleanLab', 0.6, 'Sym', 100, 0]	S	4	34	6	56	0.0665	0.1053	0.0667	0.0816	
['EncodeArt', 'CleanLab', 0.6, 'Sym', 100, 1]	S	2	35	5	58	0.0598	0.0541	0.0333	0.0412	
['EncodeArt', 'CleanLab', 0.6, 'Sym', 100, 2]	S	1	36	4	59	0.0523	0.027	0.0167	0.0206	
['EncodeArt', 'CleanLab', 0.6, 'Sym', 100, 3]	S	2	18	22	58	0.0561	0.1	0.0333	0.05	
['EncodeArt', 'CleanLab', 0.6, 'Sym', 100, 4]	S	3	39	1	57	0.0506	0.0714	0.05	0.0588	
['EncodeArt', 'CleanLab', 0.2, 'Asym', 10000, 0]	S	1839	1	7999	161	0.2552	0.9995	0.9195	0.9578	
['EncodeArt', 'CleanLab', 0.2, 'Asym', 10000, 1]	S	1859	1	7999	141	0.3112	0.9995	0.9295	0.9632	
['EncodeArt', 'CleanLab', 0.2, 'Asym', 10000, 2]	S	1860	0	8000	140	0.3113	1.0	0.93	0.9637	
['EncodeArt', 'CleanLab', 0.2, 'Asym', 10000, 3]	S	1843	0	8000	157	0.2752	1.0	0.9215	0.9591	
['EncodeArt', 'CleanLab', 0.2, 'Asym', 10000, 4]	S	1870	0	8000	130	0.2637	1.0	0.935	0.9664	
['EncodeArt', 'CleanLab', 0.3, 'Asym', 100, 0]	S	28	1	69	2	0.0578	0.9655	0.9333	0.9492	
['EncodeArt', 'CleanLab', 0.3, 'Asym', 100, 1]	S	26	5	65	4	0.0552	0.8387	0.8667	0.8525	
['EncodeArt', 'CleanLab', 0.3, 'Asym', 100, 2]	S	27	2	68	3	0.0439	0.931	0.9	0.9153	
['EncodeArt', 'CleanLab', 0.3, 'Asym', 100, 3]	S	22	5	65	8	0.0435	0.8148	0.7333	0.7719	
['EncodeArt', 'CleanLab', 0.3, 'Asym', 100, 4]	S	30	3	67	0	0.0611	0.9091	1.0	0.9524	
['EncodeArt', 'CleanLab', 0.3, 'Sym', 1000, 0]	S	296	0	700	4	0.0773	1.0	0.9867	0.9933	
['EncodeArt', 'CleanLab', 0.3, 'Sym', 1000, 1]	S	288	0	700	12	0.0589	1.0	0.96	0.9796	
['EncodeArt', 'CleanLab', 0.3, 'Sym', 1000, 2]	S	291	4	696	9	0.0884	0.9864	0.97	0.9782	
['EncodeArt', 'CleanLab', 0.3, 'Sym', 1000, 3]	S	275	14	686	25	0.0894	0.9516	0.9167	0.9338	
['EncodeArt', 'CleanLab', 0.3, 'Sym', 1000, 4]	S	291	1	699	9	0.0724	0.9966	0.97	0.9831	
['EncodeArt', 'CleanLab', 0.6, 'Asym', 10000, 0]	S	0	3999	1	6000	0.2163	0.0	0.0	0.0	
['EncodeArt', 'CleanLab', 0.6, 'Asym', 10000, 1]	S	0	3999	1	6000	0.2147	0.0	0.0	0.0	
['EncodeArt', 'CleanLab', 0.6, 'Asym', 10000, 2]	S	2	3997	3	5998	0.2137	0.0005	0.0003	0.0004	
['EncodeArt', 'CleanLab', 0.6, 'Asym', 10000, 3]	S	3	3992	8	5997	0.2469	0.0008	0.0005	0.0006	
['EncodeArt', 'CleanLab', 0.6, 'Asym', 10000, 4]	S	2	4000	0	5998	0.2177	0.0005	0.0003	0.0004	
['EncodeArt', 'CleanLab', 0.05, 'Asym', 500, 0]	S	21	0	475	4	0.1049	1.0	0.84	0.913	
['EncodeArt', 'CleanLab', 0.05, 'Asym', 500, 1]	S	21	0	475	4	0.0851	1.0	0.84	0.913	
['EncodeArt', 'CleanLab', 0.05, 'Asym', 500, 2]	S	22	0	475	3	0.102	1.0	0.88	0.9362	
['EncodeArt', 'CleanLab', 0.05, 'Asym', 500, 3]	S	23	0	475	2	0.102	1.0	0.92	0.9583	
['EncodeArt', 'CleanLab', 0.05, 'Asym', 500, 4]	S	23	0	475	2	0.0986	1.0	0.92	0.9583	
['EncodeArt', 'CleanLab', 0.7, 'Sym', 1000000, 0]	S	3	10752	308	25803	0.808	0.0003	0.0001	0.0002	
['EncodeArt', 'CleanLab', 0.7, 'Sym', 1000000, 1]	S	5	10761	299	25801	0.7995	0.0005	0.0002	0.0003	
['EncodeArt', 'CleanLab', 0.7, 'Sym', 1000000, 2]	S	8	10735	325	25798	0.8052	0.0007	0.0003	0.0004	
['EncodeArt', 'CleanLab', 0.7, 'Sym', 1000000, 3]	S	3	10716	344	25803	0.7978	0.0003	0.0001	0.0002	
['EncodeArt', 'CleanLab', 0.7, 'Sym', 1000000, 4]	S	6	10740	320	25800	0.8022	0.0006	0.0002	0.0003	
['EncodeArt', 'CleanLab', 0.4, 'Sym', 1000000, 0]	S	14739	6	22114	7	0.7346	0.9996	0.9995	0.9996	
['EncodeArt', 'CleanLab', 0.4, 'Sym', 1000000, 1]	S	14728	7	22113	18	0.7665	0.9995	0.9988	0.9992	
['EncodeArt', 'CleanLab', 0.4, 'Sym', 1000000, 2]	S	14743	3	22117	3	0.8145	0.9998	0.9998	0.9998	
['EncodeArt', 'CleanLab', 0.4, 'Sym', 1000000, 3]	S	14745	3	22117	1	0.7495	0.9998	0.9999	0.9999	
['EncodeArt', 'CleanLab', 0.4, 'Sym', 1000000, 4]	S	14732	6	22114	14	0.7612	0.9996	0.9991	0.9993	
['EncodeArt', 'CleanLab', 0.1, 'Sym', 1000000, 0]	S	3377	1	33179	309	0.9319	0.9997	0.9162	0.9561	
['EncodeArt', 'CleanLab', 0.1, 'Sym', 1000000, 1]	S	3321	0	33180	365	0.8807	1.0	0.901	0.9479	
['EncodeArt', 'CleanLab', 0.1, 'Sym', 1000000, 2]	S	3353	2	33178	333	0.8145	0.9994	0.9097	0.9524	
['EncodeArt', 'CleanLab', 0.1, 'Sym', 1000000, 3]	S	3355	0	33180	331	0.9361	1.0	0.9102	0.953	
['EncodeArt', 'CleanLab', 0.1, 'Sym', 1000000, 4]	S	3359	0	33180	327	0.9943	1.0	0.9113	0.9536	
['EncodeArt', 'CleanLab', 0.7, 'Asym', 1000000, 0]	S	4	10763	297	25802	0.6805	0.0004	0.0002	0.0002	
['EncodeArt', 'CleanLab', 0.7, 'Asym', 1000000, 1]	S	4	10783	277	25802	0.6839	0.0004	0.0002	0.0002	
['EncodeArt', 'CleanLab', 0.7, 'Asym', 1000000, 2]	S	8	10747	313	25798	0.6801	0.0007	0.0003	0.0004	
['EncodeArt', 'CleanLab', 0.7, 'Asym', 1000000, 3]	S	6	10782	278	25800	0.6811	0.0006	0.0002	0.0003	
['EncodeArt', 'CleanLab', 0.7, 'Asym', 1000000, 4]	S	6	10789	271	25800	0.6773	0.0006	0.0002	0.0003	
['EncodeArt', 'CleanLab', 0.9, 'Sym', 1000, 0]	S	0	87	13	900	0.101	0.0	0.0	0.0	
['EncodeArt', 'CleanLab', 0.9, 'Sym', 1000, 1]	S	0	89	11	900	0.0902	0.0	0.0	0.0	
['EncodeArt', 'CleanLab', 0.9, 'Sym', 1000, 2]	S	0	92	8	900	0.082	0.0	0.0	0.0	
['EncodeArt', 'CleanLab', 0.9, 'Sym', 1000, 3]	S	1	90	10	899	0.0837	0.011	0.0011	0.002	
['EncodeArt', 'CleanLab', 0.9, 'Sym', 1000, 4]	S	0	92	8	900	0.0838	0.0	0.0	0.0	
['EncodeArt', 'CleanLab', 0.9, 'Sym', 1000, 5]	S	0	97	3	900	0.0833	0.0	0.0	0.0	
['EncodeArt', 'CleanLab', 0.9, 'Sym', 1000, 6]	S	0	87	13	900	0.0959	0.0	0.0	0.0	
['EncodeArt', 'CleanLab', 0.8, 'Asym', 3000, 0]	S	0	546	54	2400	0.1168	0.0	0.0	0.0	
['EncodeArt', 'CleanLab', 0.8, 'Asym', 3000, 1]	S	0	567	33	2400	0.125	0.0	0.0	0.0	
['EncodeArt', 'CleanLab', 0.8, 'Asym', 3000, 2]	S	0	570	30	2400	0.1177	0.0	0.0	0.0	
['EncodeArt', 'CleanLab', 0.8, 'Asym', 3000, 3]	S	0	560	40	2400	0.1381	0.0	0.0	0.0	
['EncodeArt', 'CleanLab', 0.8, 'Asym', 3000, 4]	S	0	563	37	2400	0.0957	0.0	0.0	0.0	
['EncodeArt', 'CleanLab', 0.8, 'Asym', 3000, 5]	S	0	566	34	2400	0.0999	0.0	0.0	0.0	
['EncodeArt', 'CleanLab', 0.8, 'Asym', 3000, 6]	S	1	561	39	2399	0.1093	0.0018	0.0004	0.0007	
['EncodeArt', 'CleanLab', 0.9, 'Asym', 500, 0]	S	0	49	1	450	0.0659	0.0	0.0	0.0	
['EncodeArt', 'CleanLab', 0.9, 'Asym', 500, 1]	S	0	47	3	450	0.0691	0.0	0.0	0.0	
['EncodeArt', 'CleanLab', 0.9, 'Asym', 500, 2]	S	4	47	3	446	0.0585	0.0784	0.0089	0.016	
['EncodeArt', 'CleanLab', 0.9, 'Asym', 500, 3]	S	0	46	4	450	0.0543	0.0	0.0	0.0	
['EncodeArt', 'CleanLab', 0.9, 'Asym', 500, 4]	S	0	41	9	450	0.0783	0.0	0.0	0.0	
['EncodeArt', 'CleanLab', 0.9, 'Asym', 500, 5]	S	0	48	2	450	0.0722	0.0	0.0	0.0	
['EncodeArt', 'CleanLab', 0.9, 'Asym', 500, 6]	S	2	47	3	448	0.075	0.0408	0.0044	0.008	
['EncodeArt', 'CleanLab', 0.8, 'Asym', 300, 0]	S	2	53	7	238	0.0679	0.0364	0.0083	0.0136	
['EncodeArt', 'CleanLab', 0.8, 'Asym', 300, 1]	S	0	58	2	240	0.054	0.0	0.0	0.0	
['EncodeArt', 'CleanLab', 0.8, 'Asym', 300, 2]	S	1	51	9	239	0.0382	0.0192	0.0042	0.0068	
['EncodeArt', 'CleanLab', 0.8, 'Asym', 300, 3]	S	1	57	3	239	0.0414	0.0172	0.0042	0.0067	
['EncodeArt', 'CleanLab', 0.8, 'Asym', 300, 4]	S	2	57	3	238	0.0647	0.0339	0.0083	0.0134	
['EncodeArt', 'CleanLab', 0.8, 'Asym', 300, 5]	S	1	55	5	239	0.0676	0.0179	0.0042	0.0068	
['EncodeArt', 'CleanLab', 0.8, 'Asym', 300, 6]	S	0	55	5	240	0.0669	0.0	0.0	0.0	
['EncodeArt', 'CleanLab', 0.9, 'Asym', 300, 0]	S	1	27	3	269	0.0646	0.0357	0.0037	0.0067	
['EncodeArt', 'CleanLab', 0.9, 'Asym', 300, 1]	S	1	28	2	269	0.0715	0.0345	0.0037	0.0067	
['EncodeArt', 'CleanLab', 0.9, 'Asym', 300, 2]	S	0	29	1	270	0.0455	0.0	0.0	0.0	
['EncodeArt', 'CleanLab', 0.9, 'Asym', 300, 3]	S	0	23	7	270	0.0489	0.0	0.0	0.0	
['EncodeArt', 'CleanLab', 0.9, 'Asym', 300, 4]	S	0	30	0	270	0.0645	0.0	0.0	0.0	
['EncodeArt', 'CleanLab', 0.9, 'Asym', 300, 5]	S	0	25	5	270	0.0596	0.0	0.0	0.0	
['EncodeArt', 'CleanLab', 0.9, 'Asym', 300, 6]	S	1	25	5	269	0.0504	0.0385	0.0037	0.0068	
['EncodeArt', 'CleanLab', 0.9, 'Sym', 500, 0]	S	2	40	10	448	0.0547	0.0476	0.0044	0.0081	
['EncodeArt', 'CleanLab', 0.9, 'Sym', 500, 1]	S	0	46	4	450	0.0614	0.0	0.0	0.0	
['EncodeArt', 'CleanLab', 0.9, 'Sym', 500, 2]	S	0	43	7	450	0.0664	0.0	0.0	0.0	
['EncodeArt', 'CleanLab', 0.9, 'Sym', 500, 3]	S	0	45	5	450	0.0708	0.0	0.0	0.0	
['EncodeArt', 'CleanLab', 0.9, 'Sym', 500, 4]	S	0	45	5	450	0.0716	0.0	0.0	0.0	
['EncodeArt', 'CleanLab', 0.9, 'Sym', 500, 5]	S	0	43	7	450	0.0754	0.0	0.0	0.0	
['EncodeArt', 'CleanLab', 0.9, 'Sym', 500, 6]	S	0	44	6	450	0.0432	0.0	0.0	0.0	
['EncodeArt', 'CleanLab', 0.8, 'Asym', 1000, 0]	S	0	179	21	800	0.12	0.0	0.0	0.0	
['EncodeArt', 'CleanLab', 0.8, 'Asym', 1000, 1]	S	0	187	13	800	0.106	0.0	0.0	0.0	
['EncodeArt', 'CleanLab', 0.8, 'Asym', 1000, 2]	S	1	180	20	799	0.1128	0.0055	0.0012	0.002	
['EncodeArt', 'CleanLab', 0.8, 'Asym', 1000, 3]	S	0	185	15	800	0.0884	0.0	0.0	0.0	
['EncodeArt', 'CleanLab', 0.8, 'Asym', 1000, 4]	S	0	192	8	800	0.0988	0.0	0.0	0.0	
['EncodeArt', 'CleanLab', 0.8, 'Asym', 1000, 5]	S	0	183	17	800	0.0767	0.0	0.0	0.0	
['EncodeArt', 'CleanLab', 0.8, 'Asym', 1000, 6]	S	0	193	7	800	0.0734	0.0	0.0	0.0	
['EncodeArt', 'CleanLab', 0.8, 'Sym', 3000, 0]	S	0	564	36	2400	0.1419	0.0	0.0	0.0	
['EncodeArt', 'CleanLab', 0.8, 'Sym', 3000, 1]	S	0	567	33	2400	0.1223	0.0	0.0	0.0	
['EncodeArt', 'CleanLab', 0.8, 'Sym', 3000, 2]	S	2	559	41	2398	0.1165	0.0036	0.0008	0.0014	
['EncodeArt', 'CleanLab', 0.8, 'Sym', 3000, 3]	S	0	558	42	2400	0.1413	0.0	0.0	0.0	
['EncodeArt', 'CleanLab', 0.8, 'Sym', 3000, 4]	S	0	571	29	2400	0.129	0.0	0.0	0.0	
['EncodeArt', 'CleanLab', 0.8, 'Sym', 3000, 5]	S	0	562	38	2400	0.1403	0.0	0.0	0.0	
['EncodeArt', 'CleanLab', 0.8, 'Sym', 3000, 6]	S	0	561	39	2400	0.1187	0.0	0.0	0.0	
['EncodeArt', 'CleanLab', 0.8, 'Asym', 100, 0]	S	0	20	0	80	0.0502	0.0	0.0	0.0	
['EncodeArt', 'CleanLab', 0.8, 'Asym', 100, 1]	S	0	17	3	80	0.0415	0.0	0.0	0.0	
['EncodeArt', 'CleanLab', 0.8, 'Asym', 100, 2]	S	0	20	0	80	0.0468	0.0	0.0	0.0	
['EncodeArt', 'CleanLab', 0.8, 'Asym', 100, 3]	S	2	18	2	78	0.0645	0.1	0.025	0.04	
['EncodeArt', 'CleanLab', 0.8, 'Asym', 100, 4]	S	0	20	0	80	0.0537	0.0	0.0	0.0	
['EncodeArt', 'CleanLab', 0.8, 'Asym', 100, 5]	S	2	17	3	78	0.0615	0.1053	0.025	0.0404	
['EncodeArt', 'CleanLab', 0.8, 'Asym', 100, 6]	S	1	17	3	79	0.0481	0.0556	0.0125	0.0204	
['EncodeArt', 'CleanLab', 0.8, 'Sym', 500, 0]	S	2	96	4	398	0.0866	0.0204	0.005	0.008	
['EncodeArt', 'CleanLab', 0.8, 'Sym', 500, 1]	S	0	95	5	400	0.0712	0.0	0.0	0.0	
['EncodeArt', 'CleanLab', 0.8, 'Sym', 500, 2]	S	2	92	8	398	0.0798	0.0213	0.005	0.0081	
['EncodeArt', 'CleanLab', 0.8, 'Sym', 500, 3]	S	2	96	4	398	0.0851	0.0204	0.005	0.008	
['EncodeArt', 'CleanLab', 0.8, 'Sym', 500, 4]	S	4	93	7	396	0.0717	0.0412	0.01	0.0161	
['EncodeArt', 'CleanLab', 0.8, 'Sym', 500, 5]	S	0	91	9	400	0.0623	0.0	0.0	0.0	
['EncodeArt', 'CleanLab', 0.8, 'Sym', 500, 6]	S	0	92	8	400	0.0888	0.0	0.0	0.0	
['EncodeArt', 'CleanLab', 0.8, 'Asym', 500, 0]	S	0	97	3	400	0.0756	0.0	0.0	0.0	
['EncodeArt', 'CleanLab', 0.8, 'Asym', 500, 1]	S	0	92	8	400	0.0642	0.0	0.0	0.0	
['EncodeArt', 'CleanLab', 0.8, 'Asym', 500, 2]	S	0	99	1	400	0.0868	0.0	0.0	0.0	
['EncodeArt', 'CleanLab', 0.8, 'Asym', 500, 3]	S	0	97	3	400	0.0856	0.0	0.0	0.0	
['EncodeArt', 'CleanLab', 0.8, 'Asym', 500, 4]	S	0	96	4	400	0.0653	0.0	0.0	0.0	
['EncodeArt', 'CleanLab', 0.8, 'Asym', 500, 5]	S	4	98	2	396	0.0633	0.0392	0.01	0.0159	
['EncodeArt', 'CleanLab', 0.8, 'Asym', 500, 6]	S	0	98	2	400	0.0699	0.0	0.0	0.0	
['EncodeArt', 'CleanLab', 0.9, 'Sym', 100, 0]	S	0	10	0	90	0.0525	0.0	0.0	0.0	
['EncodeArt', 'CleanLab', 0.9, 'Sym', 100, 1]	S	0	10	0	90	0.0624	0.0	0.0	0.0	
['EncodeArt', 'CleanLab', 0.9, 'Sym', 100, 2]	S	2	10	0	88	0.0427	0.1667	0.0222	0.0392	
['EncodeArt', 'CleanLab', 0.9, 'Sym', 100, 3]	S	1	7	3	89	0.0589	0.125	0.0111	0.0204	
['EncodeArt', 'CleanLab', 0.9, 'Sym', 100, 4]	S	1	10	0	89	0.0578	0.0909	0.0111	0.0198	
['EncodeArt', 'CleanLab', 0.9, 'Sym', 100, 5]	S	0	9	1	90	0.0565	0.0	0.0	0.0	
['EncodeArt', 'CleanLab', 0.9, 'Sym', 100, 6]	S	1	6	4	89	0.0591	0.1429	0.0111	0.0206	
['EncodeArt', 'CleanLab', 0.9, 'Asym', 100, 0]	S	0	10	0	90	0.0743	0.0	0.0	0.0	
['EncodeArt', 'CleanLab', 0.9, 'Asym', 100, 1]	S	1	9	1	89	0.0918	0.1	0.0111	0.02	
['EncodeArt', 'CleanLab', 0.9, 'Asym', 100, 2]	S	1	8	2	89	0.088	0.1111	0.0111	0.0202	
['EncodeArt', 'CleanLab', 0.9, 'Asym', 100, 3]	S	1	10	0	89	0.0769	0.0909	0.0111	0.0198	
['EncodeArt', 'CleanLab', 0.9, 'Asym', 100, 4]	S	0	5	5	90	0.0706	0.0	0.0	0.0	
['EncodeArt', 'CleanLab', 0.9, 'Asym', 100, 5]	S	1	10	0	89	0.1051	0.0909	0.0111	0.0198	
['EncodeArt', 'CleanLab', 0.9, 'Asym', 100, 6]	S	1	9	1	89	0.1068	0.1	0.0111	0.02	
['EncodeArt', 'CleanLab', 0.9, 'Asym', 1000, 0]	S	1	82	18	899	0.1528	0.012	0.0011	0.002	
['EncodeArt', 'CleanLab', 0.9, 'Asym', 1000, 1]	S	0	90	10	900	0.1561	0.0	0.0	0.0	
['EncodeArt', 'CleanLab', 0.9, 'Asym', 1000, 2]	S	2	87	13	898	0.1489	0.0225	0.0022	0.004	
['EncodeArt', 'CleanLab', 0.9, 'Asym', 1000, 3]	S	0	94	6	900	0.1313	0.0	0.0	0.0	
['EncodeArt', 'CleanLab', 0.9, 'Asym', 1000, 4]	S	0	89	11	900	0.1588	0.0	0.0	0.0	
['EncodeArt', 'CleanLab', 0.9, 'Asym', 1000, 5]	S	0	89	11	900	0.1458	0.0	0.0	0.0	
['EncodeArt', 'CleanLab', 0.9, 'Asym', 1000, 6]	S	0	93	7	900	0.1593	0.0	0.0	0.0	
['EncodeArt', 'CleanLab', 0.9, 'Sym', 3000, 0]	S	0	279	21	2700	0.1184	0.0	0.0	0.0	
['EncodeArt', 'CleanLab', 0.9, 'Sym', 3000, 1]	S	0	270	30	2700	0.1191	0.0	0.0	0.0	
['EncodeArt', 'CleanLab', 0.9, 'Sym', 3000, 2]	S	0	274	26	2700	0.1126	0.0	0.0	0.0	
['EncodeArt', 'CleanLab', 0.9, 'Sym', 3000, 3]	S	0	283	17	2700	0.1368	0.0	0.0	0.0	
['EncodeArt', 'CleanLab', 0.9, 'Asym', 3000, 0]	S	0	281	19	2700	0.1492	0.0	0.0	0.0	
['EncodeArt', 'CleanLab', 0.9, 'Asym', 3000, 1]	S	0	275	25	2700	0.1302	0.0	0.0	0.0	
['EncodeArt', 'CleanLab', 0.9, 'Asym', 3000, 2]	S	0	270	30	2700	0.1181	0.0	0.0	0.0	
['EncodeArt', 'CleanLab', 0.9, 'Asym', 3000, 3]	S	0	281	19	2700	0.1437	0.0	0.0	0.0	
['EncodeArt', 'CleanLab', 0.9, 'Sym', 300, 0]	S	0	25	5	270	0.0825	0.0	0.0	0.0	
['EncodeArt', 'CleanLab', 0.9, 'Sym', 300, 1]	S	0	27	3	270	0.0636	0.0	0.0	0.0	
['EncodeArt', 'CleanLab', 0.9, 'Sym', 300, 2]	S	0	28	2	270	0.0669	0.0	0.0	0.0	
['EncodeArt', 'CleanLab', 0.9, 'Sym', 300, 3]	S	0	29	1	270	0.0746	0.0	0.0	0.0	
['EncodeArt', 'CleanLab', 0.8, 'Sym', 1000, 0]	S	0	186	14	800	0.0881	0.0	0.0	0.0	
['EncodeArt', 'CleanLab', 0.8, 'Sym', 1000, 1]	S	0	187	13	800	0.0869	0.0	0.0	0.0	
['EncodeArt', 'CleanLab', 0.8, 'Sym', 1000, 2]	S	0	189	11	800	0.0677	0.0	0.0	0.0	
['EncodeArt', 'CleanLab', 0.8, 'Sym', 1000, 3]	S	0	194	6	800	0.0615	0.0	0.0	0.0	
['EncodeArt', 'CleanLab', 0.8, 'Sym', 100, 0]	S	3	17	3	77	0.0727	0.15	0.0375	0.06	
['EncodeArt', 'CleanLab', 0.8, 'Sym', 100, 1]	S	0	17	3	80	0.0543	0.0	0.0	0.0	
['EncodeArt', 'CleanLab', 0.8, 'Sym', 100, 2]	S	2	19	1	78	0.0656	0.0952	0.025	0.0396	
['EncodeArt', 'CleanLab', 0.8, 'Sym', 100, 3]	S	3	20	0	77	0.0622	0.1304	0.0375	0.0583	
['EncodeArt', 'CleanLab', 0.8, 'Sym', 300, 0]	S	3	55	5	237	0.0476	0.0517	0.0125	0.0201	
['EncodeArt', 'CleanLab', 0.8, 'Sym', 300, 1]	S	2	55	5	238	0.0571	0.0351	0.0083	0.0135	
['EncodeArt', 'CleanLab', 0.8, 'Sym', 300, 2]	S	1	56	4	239	0.0605	0.0175	0.0042	0.0067	
['EncodeArt', 'CleanLab', 0.8, 'Sym', 300, 3]	S	0	53	7	240	0.0463	0.0	0.0	0.0	
